v001;v000;v002;v003;v004;v005;v007;v008;v009;V009exp;v010;v011;v011implica;v012;v012 empleados;v013;v013 socios ;v014;v015;v016;v017;v018;v019;v020;v021;v022;v023;v024;v025;v026;v027;v028;v029;v030;v031;v032;v033;v034;v035;v036;v037;v038;v039;v040;v041;v042;v043;v044;v045;v046;v047;v048;v049;v050;v051;v052;v053;v054;v055;v056;v057;v058;v059;v060;v061;v062;v063;v064;v065;v066;v067;v068;v069;v070;v071;v072;v073_N;v074;v075_N;v076;v077;v078_N;v079_N;v080;v081;v082_N;v083_N;v084;v085;v086;v087_N;v088;v089_N;v090;V091_N;v092;v093;v094;v095;v096;v097;v098;v099;v100_N;v101;v102;v103;v104;v105;v0106;v107;v108;v109;v110_N;v111_N;v112;v113;v114_N;v115;v116_N;v117;v118;v119;v120;v121;v122;v123;v124;v125;v126;v127;v128;v129;v130;v131;v132
2;1;1981;3;0;5;1;0;2;1;0;12;2;2;1;0;1;4;4;5;4;4;4;5;6;5;5;6;6;4;5;4;3;5;4;3;5;3;3;6;3;6;6;5;5;4;3;7;5;4;6;4;4;5;6;5;6;3;2;6;4;6;2;3;2;2;4;2;3;6;6;6;3;4;2;6;6;6;6;2;6;6;2;6;1;3;6;1;1;2;6;6;6;4;3;6;5;2;4;2;2;5;1;2;3;6;6;6;6;1;5;5;4;5;2;1;6;2;3;4;3;3;6;6;6;6;6;4;4;4;4;2;1;1;1;1
2;2;1968;3;2;3;1;0;7;2;0;9;2;6;2;0;1;4;3;4;5;5;6;6;6;6;7;7;5;4;5;3;4;5;4;3;6;3;3;3;5;5;4;4;4;4;5;4;5;5;4;4;5;1;4;1;6;1;1;7;1;7;1;1;7;7;1;1;1;5;7;7;1;7;1;6;7;7;7;1;7;7;7;7;2;1;7;1;1;6;6;7;7;7;1;7;5;7;7;1;1;7;1;1;7;6;7;7;7;1;7;7;5;6;1;1;7;1;2;6;7;7;7;7;6;6;6;6;7;7;7;1;1;1;1;1
2;4;1968;2;0;6;1;0;12;2;0;10;2;3;1;2;2;5;4;6;5;5;5;4;4;3;4;3;5;4;3;1;1;5;4;6;6;3;4;5;4;6;4;2;3;5;5;3;5;6;5;4;3;1;3;4;4;2;1;5;1;3;2;3;6;1;1;3;2;4;5;4;4;4;5;6;5;7;4;1;7;3;5;6;4;2;5;1;2;4;6;6;7;7;2;3;5;6;5;2;2;6;1;2;3;6;6;6;6;2;5;4;6;4;2;1;7;1;4;4;7;5;6;6;3;4;5;2;5;3;3;6;4;2;1;1
2;5;1973;2;2;5;0;1;5;2;0;10;2;3;1;1;2;4;5;5;4;6;7;5;5;4;5;4;5;6;5;5;6;6;5;5;6;6;5;5;4;5;5;5;6;6;5;6;4;5;6;5;3;5;6;4;3;2;3;4;6;4;4;5;1;4;5;3;4;4;4;4;5;4;3;5;5;4;3;3;4;5;3;6;5;4;5;5;5;4;4;5;3;4;3;5;4;3;3;4;5;4;3;5;1;4;5;5;4;3;4;5;4;5;3;4;2;4;5;3;3;3;4;3;3;3;4;3;4;4;3;5;5;4;4;5
2;6;1974;2;2;4;1;0;2;1;0;10;2;2;1;0;1;1;2;3;2;1;3;2;3;2;3;2;6;6;6;6;3;5;-1;5;5;5;4;6;4;3;5;3;5;3;4;5;3;4;3;5;3;5;5;2;3;4;3;5;4;3;5;3;5;4;5;4;5;3;-1;4;-1;5;3;6;3;4;2;5;3;3;3;3;2;4;3;-1;4;6;4;4;4;6;4;6;4;5;6;4;6;4;5;6;4;5;4;6;4;5;5;3;6;4;3;4;6;5;5;5;6;4;2;4;4;3;5;3;5;3;5;3;4;3;4;3
2;8;1980;3;0;5;1;0;13;2;0;17;2;23;2;2;2;3;5;4;6;5;5;5;6;5;5;5;5;4;4;3;3;2;4;2;5;3;3;7;4;5;5;5;4;5;4;5;4;3;3;1;1;2;3;3;5;1;2;4;2;3;2;1;5;1;2;2;2;3;3;5;3;3;2;6;4;6;5;2;5;2;6;5;3;5;6;2;2;6;6;3;7;6;2;6;3;4;5;2;6;5;3;3;6;4;3;6;6;4;5;1;3;6;4;6;5;4;3;4;5;5;6;6;4;6;6;4;5;5;5;2;2;1;1;1
2;10;1965;3;2;5;1;0;0;1;0;10;2;3;1;0;1;4;5;4;4;5;5;5;5;4;4;4;5;4;5;4;4;4;3;3;6;4;3;5;2;5;4;3;5;3;3;5;3;2;2;2;2;3;3;2;5;2;3;5;2;5;2;2;5;2;2;2;2;5;5;5;2;5;2;6;5;5;5;2;6;2;6;6;2;-1;6;2;2;6;6;5;6;6;3;5;2;5;4;3;6;6;2;2;5;5;5;5;6;2;6;2;4;3;2;2;5;2;4;6;6;6;6;6;6;6;6;4;4;4;4;2;2;2;2;2
2;11;1966;3;0;7;0;13;10;2;0;8;1;3;1;0;1;7;7;6;-1;6;6;5;5;5;5;6;7;6;6;6;6;6;7;5;6;5;5;5;7;6;7;5;6;5;4;5;6;6;6;4;4;2;2;2;6;1;6;5;-1;5;2;2;6;1;6;2;6;6;4;2;2;6;6;2;4;7;6;2;7;2;6;7;3;2;6;2;2;6;6;6;6;5;2;6;2;5;-1;2;2;6;2;2;6;5;6;2;6;3;6;5;5;6;1;3;6;1;3;6;6;6;7;7;5;5;5;3;6;5;6;2;2;2;2;2
2;12;1972;1;0;3;1;0;20;2;0;8;1;2;1;0;1;5;5;5;5;6;6;5;5;5;5;5;7;5;4;7;6;5;5;1;5;5;5;7;5;5;6;6;6;2;2;6;5;6;5;7;4;6;6;2;6;1;1;6;5;6;2;1;4;1;5;2;5;7;7;6;2;4;2;1;7;7;7;1;7;5;5;7;1;2;6;1;2;6;6;7;6;7;1;7;6;5;7;3;3;6;1;2;4;5;7;5;6;1;6;7;5;7;1;3;6;1;2;6;5;5;7;6;6;6;6;3;7;7;7;2;1;1;1;1
2;16;1984;1;0;5;1;0;2;1;0;8;1;3;1;0;1;4;4;5;5;5;5;5;5;5;5;6;7;6;5;5;6;4;5;4;5;5;5;4;5;6;4;4;5;5;5;4;5;5;5;2;5;3;3;3;6;1;2;5;2;5;1;1;5;1;4;1;5;6;5;5;4;5;1;6;4;6;3;5;7;5;3;7;2;4;4;1;1;6;7;7;4;4;7;7;6;3;7;1;4;7;1;1;7;7;7;6;6;5;6;5;3;7;1;5;6;1;3;5;5;5;7;7;5;5;5;5;5;5;5;2;2;2;2;2
2;17;1973;3;1;5;1;0;13;2;0;8;1;50;2;0;1;5;5;4;5;5;5;5;7;5;7;7;1;5;5;1;5;6;7;5;7;1;1;2;5;5;7;5;5;2;6;5;1;7;5;7;1;2;3;2;7;1;1;7;1;7;1;1;5;1;1;1;1;7;7;7;2;7;1;6;7;7;1;1;7;7;7;7;3;3;7;1;1;7;7;7;7;2;1;5;6;7;5;3;3;6;1;1;5;7;7;1;3;1;5;5;5;7;2;3;7;1;3;6;7;5;5;5;5;5;5;5;5;3;3;1;1;1;1;1
2;20;1964;3;1;3;0;1;15;2;0;10;2;2;1;0;1;6;6;7;6;6;5;6;6;7;6;6;4;4;3;2;4;4;4;5;6;5;5;5;6;6;6;5;4;6;6;3;4;5;4;3;5;5;6;5;4;1;5;4;5;6;1;1;5;3;4;1;2;6;6;7;3;3;1;6;4;6;4;1;7;6;4;6;4;3;5;1;3;5;4;5;4;4;2;6;3;6;6;5;4;6;2;2;7;6;5;6;6;1;4;4;5;5;2;1;6;1;2;6;4;5;5;6;6;7;6;5;6;5;6;2;2;1;1;1
2;21;1968;3;1;3;1;0;10;2;0;12;2;10;2;0;1;5;6;5;5;6;5;5;6;5;5;6;5;4;5;6;5;5;5;6;5;5;4;5;6;4;5;5;4;6;5;5;6;4;4;5;6;5;4;6;5;5;5;4;6;6;5;6;4;5;6;4;6;4;5;4;5;4;5;6;5;4;6;5;4;3;2;6;6;5;7;4;5;7;6;5;2;6;6;5;4;4;6;6;5;6;5;5;5;5;5;5;6;6;5;6;5;2;5;6;5;3;6;5;6;5;6;5;5;6;7;4;5;4;6;5;4;6;5;5
2;23;1952;3;2;4;1;0;15;2;0;10;2;5;2;0;1;5;6;4;5;5;5;6;7;5;5;6;5;6;5;6;5;5;6;7;6;5;5;6;5;6;5;5;6;5;6;5;6;5;6;5;6;5;6;5;6;5;4;6;5;6;5;7;6;5;6;4;6;5;6;5;4;5;6;6;5;6;6;5;6;5;6;6;5;1;2;5;6;5;6;5;2;6;6;7;5;6;6;5;6;5;6;5;5;6;5;6;5;6;5;6;5;6;5;5;5;6;5;5;5;6;5;6;5;6;5;5;6;5;7;5;4;5;6;6
2;27;1989;3;0;4;1;0;0;1;0;8;1;2;1;0;1;4;4;5;5;5;4;5;4;5;4;5;6;5;5;4;5;4;5;4;5;6;5;4;6;6;6;4;5;5;3;4;4;5;5;6;5;5;7;4;5;4;5;4;5;4;5;4;4;5;4;5;4;6;6;5;4;5;6;5;5;6;5;6;5;2;3;5;6;4;5;6;4;5;5;6;4;6;4;5;6;4;5;6;5;5;6;3;6;6;6;5;6;5;4;6;5;2;5;6;5;6;4;5;4;6;5;4;4;5;4;5;5;6;7;5;6;5;6;7
2;28;1958;3;3;6;1;0;26;2;0;9;2;6;2;0;1;5;5;4;5;4;5;5;6;5;5;5;5;4;4;5;5;3;5;3;7;5;3;6;2;6;6;3;6;4;3;7;6;7;6;3;1;2;3;1;5;1;1;5;1;4;2;1;7;1;1;1;2;7;6;6;3;1;1;6;2;7;7;1;7;2;1;7;4;2;7;1;1;5;4;4;7;5;2;7;3;1;5;1;1;6;2;2;6;5;4;7;5;3;5;3;4;7;3;4;6;4;3;7;6;7;7;7;6;6;5;6;6;6;6;1;1;1;1;1
2;36;1985;3;0;6;1;0;2;1;0;10;2;3;1;1;2;5;5;5;6;7;6;5;6;5;6;6;6;5;5;4;5;4;3;2;6;4;4;6;2;3;5;4;5;4;3;5;5;5;3;2;1;2;5;5;7;3;3;4;3;4;2;2;4;1;1;1;2;4;4;6;3;3;3;5;7;4;6;1;6;6;6;5;3;5;6;2;3;6;5;6;5;5;2;5;4;2;5;4;5;6;1;3;6;5;6;4;5;1;5;2;5;7;3;2;6;1;3;4;6;6;7;7;6;7;7;4;5;5;4;1;1;1;1;1
2;37;1963;1;0;6;1;0;12;2;0;9;2;6;2;0;1;5;5;5;5;6;6;5;6;5;5;5;6;5;4;5;5;3;2;5;5;4;6;2;3;6;4;5;2;5;5;4;4;4;3;2;1;2;5;5;6;3;2;4;4;4;2;2;4;1;1;1;2;4;4;6;3;3;3;5;7;4;6;1;5;6;6;4;4;5;6;3;3;6;5;5;5;5;2;6;4;5;5;4;5;6;1;3;6;7;5;6;5;1;5;2;5;7;3;6;6;2;3;4;6;6;7;7;4;5;6;4;5;5;4;1;1;1;1;1
2;40;1956;3;2;6;1;0;1;1;0;10;2;8;2;5;2;5;2;-1;-1;-1;-1;-1;-1;-1;-1;-1;5;7;5;4;5;5;5;3;4;4;4;5;2;3;5;3;5;5;1;6;5;5;2;1;2;3;3;4;6;1;2;6;1;4;2;2;7;1;1;1;2;7;6;6;1;6;1;6;6;4;7;1;6;6;6;6;2;3;6;1;2;6;6;7;6;5;3;6;5;5;5;1;4;5;1;2;5;6;7;2;7;1;6;6;5;7;2;2;5;1;1;6;6;6;2;3;7;5;5;2;4;5;5;2;1;1;1;1
2;41;1981;3;1;6;1;0;20;2;1;10;2;3;1;1;2;5;5;6;5;5;5;4;5;5;5;5;7;5;5;3;4;5;4;3;6;3;5;5;1;1;4;6;5;6;1;5;4;6;2;1;1;2;2;2;6;1;1;5;4;4;1;1;6;2;2;1;4;5;5;6;1;5;1;6;7;6;6;1;5;1;7;6;2;3;7;1;1;6;7;5;7;6;2;6;1;3;6;1;1;5;1;3;5;6;5;5;7;1;7;1;6;6;1;1;6;1;2;7;6;7;7;6;7;7;6;7;6;6;6;2;2;2;2;2
2;42;1970;3;1;5;1;0;2;1;0;10;2;3;1;1;2;5;5;6;5;5;5;4;5;5;5;5;7;6;6;3;5;5;4;3;6;3;5;5;1;1;4;6;5;6;1;5;4;6;2;1;1;4;5;4;6;1;1;5;4;4;1;1;6;2;2;1;4;5;5;6;1;5;1;6;7;6;6;1;5;1;7;6;2;3;7;1;1;6;7;5;7;6;2;6;1;3;6;1;1;5;1;3;5;6;5;5;7;1;7;1;6;6;1;1;6;1;2;7;6;7;7;6;7;7;6;7;6;6;6;2;2;2;2;2
2;46;-1;3;0;6;1;0;25;2;0;10;2;15;2;2;2;3;4;3;5;3;5;5;5;4;4;4;5;4;6;4;4;5;4;3;5;6;5;5;4;4;5;5;3;5;6;5;5;7;4;4;5;1;2;2;4;1;1;6;1;2;3;2;3;1;2;1;1;6;4;5;5;5;3;5;3;6;6;1;6;7;5;6;6;4;4;5;3;5;4;4;7;5;1;6;5;5;4;6;4;4;6;1;5;4;4;6;7;1;3;5;3;4;2;6;4;1;3;3;4;5;7;6;4;4;4;5;5;5;5;3;1;1;1;1
2;48;1984;1;0;4;1;0;4;2;1;8;1;4;1;2;2;3;6;3;5;3;4;3;6;7;6;4;5;2;4;5;7;2;2;7;7;5;2;5;2;4;2;2;2;4;6;1;2;7;6;2;3;4;5;1;7;1;1;6;1;6;1;1;7;1;3;1;4;7;7;5;3;7;1;-1;5;7;1;1;7;6;6;7;2;1;6;1;2;6;7;7;-1;2;2;3;5;6;6;3;2;7;1;2;5;7;7;7;2;1;5;5;5;6;2;2;7;1;3;5;4;4;7;7;7;7;7;1;3;6;1;1;3;6;3;1
2;50;1962;3;0;3;1;0;17;2;0;8;1;4;1;0;1;7;7;7;7;7;7;7;7;7;7;7;5;6;6;7;5;5;5;7;7;7;5;5;5;5;4;4;6;4;4;4;4;6;5;6;6;3;6;3;5;2;2;5;3;4;2;2;5;3;2;3;2;4;4;6;3;5;2;-1;5;4;4;3;6;4;3;5;3;3;5;3;3;6;5;5;2;5;3;5;2;4;6;1;2;6;4;2;6;5;5;6;5;2;7;4;4;6;2;3;6;2;2;6;5;4;4;4;6;6;6;4;6;6;6;1;1;1;1;1
2;53;1966;3;2;3;0;5;15;2;0;8;1;7;2;5;2;3;5;4;6;4;6;3;2;3;2;3;6;4;4;5;4;4;6;6;7;7;3;6;6;6;6;7;7;5;5;6;7;6;6;7;6;4;4;4;6;4;4;6;5;5;5;3;5;5;5;3;6;6;6;6;3;5;2;-1;5;6;4;7;7;2;5;5;6;2;6;2;5;5;2;6;6;6;7;6;5;5;6;6;6;6;5;5;5;5;6;6;5;5;6;5;5;6;6;5;6;3;6;5;5;5;5;4;5;5;5;4;4;5;5;1;1;1;1;1
2;58;1962;3;1;5;1;0;10;2;0;8;1;2;1;0;1;5;5;6;6;6;6;6;6;6;6;6;6;4;4;2;1;1;3;1;5;2;1;1;3;1;1;1;4;1;1;3;2;1;3;3;1;1;1;1;5;1;1;7;1;6;1;1;7;1;1;1;1;5;7;7;1;4;1;7;5;6;5;1;7;1;5;7;1;6;7;1;1;6;7;6;7;5;1;6;1;4;6;3;1;7;2;2;4;6;6;6;6;1;5;1;5;7;2;2;6;2;1;7;7;7;6;6;6;6;6;7;7;6;6;1;1;1;1;1
2;59;1964;3;3;4;1;0;-1;-1;1;8;1;7;2;0;1;4;5;5;6;6;6;6;6;4;4;6;5;4;4;7;4;4;4;2;7;6;6;6;7;6;5;6;7;6;6;7;7;7;7;7;1;5;1;1;7;1;1;7;1;7;1;1;7;1;1;1;1;7;7;7;1;5;1;5;7;7;7;7;5;7;7;5;1;3;7;5;1;1;7;7;7;5;4;7;7;7;4;1;7;7;1;1;1;7;7;7;7;7;7;7;7;1;1;1;7;1;1;2;7;7;7;7;7;7;7;6;7;7;7;1;1;1;1;1
2;60;1965;3;2;4;1;0;20;2;0;9;2;2;1;0;1;3;4;4;4;6;6;6;7;7;7;4;7;5;5;7;5;5;5;1;7;1;1;7;1;7;7;7;7;1;1;7;7;5;1;7;1;2;2;2;7;1;1;6;1;7;1;1;5;1;5;1;1;7;1;7;1;7;1;6;5;6;2;1;7;6;7;6;7;7;7;1;7;7;7;5;6;1;2;7;6;6;5;6;1;5;2;7;6;1;5;5;2;2;7;6;7;4;7;6;7;2;6;4;1;5;6;6;7;7;6;6;6;6;6;1;1;1;1;1
2;61;1952;3;1;6;1;0;33;2;0;10;2;6;2;1;2;2;3;2;4;2;3;2;4;3;3;3;3;4;6;3;6;6;4;5;5;6;5;3;3;5;5;3;5;5;3;6;4;6;6;5;4;6;5;4;4;3;4;4;3;5;3;3;5;2;2;2;3;4;4;5;5;4;2;-1;5;6;3;2;6;3;4;6;5;4;3;3;3;3;3;4;6;5;2;4;4;5;5;5;4;6;3;2;4;4;4;4;4;4;4;4;2;4;4;4;4;4;4;4;4;4;4;4;4;4;4;2;3;3;3;5;6;4;4;5
2;62;1982;1;0;4;0;1;3;1;0;8;1;4;1;0;1;5;5;4;5;4;3;4;4;2;3;2;6;4;6;3;5;3;2;3;3;3;5;3;3;5;3;5;2;2;2;2;6;5;7;6;5;4;5;5;6;3;6;6;7;6;4;4;2;2;6;2;5;6;5;5;2;4;5;2;1;7;7;1;7;4;6;6;3;5;5;1;1;4;7;7;7;4;3;4;2;6;7;5;6;7;1;1;4;2;7;6;4;2;2;3;6;5;1;6;6;1;3;2;3;3;6;6;6;6;6;2;4;4;3;2;2;2;2;2
2;63;1968;3;2;6;1;0;15;2;1;10;2;14;2;7;2;2;2;2;5;1;3;2;3;3;3;4;4;7;6;5;7;7;6;5;7;5;7;5;3;6;7;7;7;5;7;1;4;6;5;4;6;6;6;6;5;2;6;4;7;5;4;5;3;4;4;2;7;4;4;4;6;4;5;4;3;4;2;5;5;7;4;5;3;5;4;1;4;4;2;5;3;4;4;2;4;4;4;4;4;4;4;4;4;3;5;5;4;3;3;3;4;5;4;3;3;6;4;5;5;5;6;6;6;5;5;1;4;4;4;6;6;6;4;2
2;64;1967;3;2;4;1;0;19;2;0;8;1;3;1;1;2;5;5;6;6;6;7;5;6;4;5;6;4;6;5;6;6;1;4;6;6;6;5;4;3;6;7;4;4;5;6;6;6;4;5;3;4;6;6;4;6;2;1;6;4;6;4;4;5;-1;1;2;7;5;6;5;5;2;6;2;7;7;5;1;7;2;4;5;2;3;7;4;1;7;5;6;7;7;2;4;1;5;4;3;1;7;1;1;5;6;6;6;6;1;6;1;5;3;2;1;7;1;3;7;6;6;7;7;4;5;6;7;7;6;7;2;1;1;1;1
2;65;1972;3;2;5;1;0;5;2;0;11;2;3;1;0;1;3;4;2;3;4;4;3;5;4;4;4;6;6;6;6;6;6;6;7;7;6;6;5;2;4;4;4;6;7;2;6;6;6;6;5;5;6;7;5;6;4;2;6;4;6;5;3;4;4;6;4;1;6;4;6;6;6;2;6;5;6;6;2;7;2;6;6;6;5;2;1;3;6;6;6;3;6;3;4;4;4;4;-1;6;6;6;2;6;5;6;5;7;3;5;2;6;7;4;6;5;2;2;5;5;5;5;5;5;5;5;2;4;4;4;1;1;1;1;1
2;66;1976;1;0;6;1;0;10;2;1;9;2;15;2;-1;-1;6;6;6;6;6;6;6;6;5;5;6;3;5;2;2;4;3;2;2;4;2;2;3;2;5;4;3;5;5;1;2;3;2;1;1;5;1;3;3;6;1;2;6;2;6;2;2;6;1;5;1;2;5;6;7;1;6;1;6;6;5;2;1;7;6;5;6;3;4;7;1;3;6;4;5;3;5;3;6;4;6;5;1;4;5;6;3;5;6;5;5;5;2;5;3;4;2;2;5;5;1;3;6;6;6;2;2;7;7;7;5;6;6;6;1;1;1;1;1
2;70;1963;3;1;3;1;0;21;2;0;11;2;5;2;0;1;3;5;1;3;2;3;3;5;5;5;4;7;7;7;7;7;6;2;1;7;1;7;2;2;6;7;1;7;7;2;7;2;2;6;1;6;7;2;2;7;1;1;6;2;7;1;4;6;3;2;1;1;7;7;4;1;5;1;-1;2;6;6;5;6;2;4;7;1;2;6;1;1;7;7;7;7;3;5;2;1;7;7;1;1;7;1;1;7;7;7;7;7;7;4;1;6;6;2;1;6;1;1;7;1;1;1;1;7;7;7;7;4;4;4;6;2;2;2;6
2;71;1968;3;3;6;0;4;13;2;0;9;2;8;2;2;2;4;5;3;4;3;4;4;5;5;6;4;4;3;3;2;2;2;3;5;5;6;5;5;6;5;4;4;3;4;6;2;6;6;4;6;6;4;4;3;6;1;3;4;5;4;2;1;2;3;2;1;3;5;5;6;4;4;1;7;6;5;5;2;5;1;7;5;3;3;5;2;5;5;7;7;6;4;3;5;1;5;5;3;1;5;1;6;3;7;7;6;4;1;5;2;7;2;4;1;5;1;5;3;6;5;7;6;7;6;6;4;5;5;5;1;4;1;1;1
2;73;1956;3;2;5;1;0;22;2;0;8;1;6;2;-1;-1;6;6;6;7;7;6;6;6;6;6;7;6;4;3;3;2;4;4;3;5;4;3;3;6;2;6;2;4;3;1;4;3;2;2;3;4;3;3;3;4;2;1;3;1;5;3;4;6;3;2;3;3;5;5;6;3;6;2;6;6;6;6;1;6;2;7;7;1;2;7;1;2;6;6;5;6;5;1;5;3;5;7;2;3;6;4;3;5;5;5;4;5;1;4;2;5;5;3;2;5;2;2;6;6;6;4;6;6;6;6;7;7;4;7;1;1;1;1;1
2;77;1983;1;0;6;-1;-1;-1;-1;1;-1;-1;32;2;0;1;4;5;3;4;4;3;3;4;4;3;3;3;4;3;5;5;5;3;3;5;1;1;1;1;5;3;1;2;3;1;1;1;3;2;2;1;6;6;6;4;1;2;4;2;4;4;4;3;1;1;1;3;2;2;4;2;3;3;3;6;4;6;1;3;2;2;5;2;3;6;2;2;5;4;3;5;4;4;3;3;2;4;3;4;5;2;4;3;3;3;4;3;2;3;2;3;7;3;2;4;3;4;5;-1;-1;-1;-1;-1;-1;-1;-1;-1;-1;-1;1;1;1;1;1
2;78;1957;3;-1;1;1;-1;15;2;0;10;2;5;2;1;2;5;7;3;6;4;7;5;7;4;4;7;7;6;6;7;6;6;6;7;7;7;7;7;7;7;7;7;7;7;7;7;7;7;7;7;7;7;5;7;7;1;3;7;5;6;1;-1;7;1;6;6;2;6;7;6;1;6;3;7;1;7;1;7;7;6;1;6;7;7;7;7;6;1;7;7;3;6;7;7;7;1;7;7;7;7;7;7;1;7;7;7;7;7;7;7;4;7;6;7;7;7;7;1;7;7;7;7;7;7;7;7;7;7;7;7;1;1;1;1
2;79;1980;3;0;6;0;6;9;2;1;9;2;4;1;0;1;3;4;4;5;6;7;5;4;4;5;5;7;5;5;7;5;5;5;7;7;6;7;7;7;7;6;7;7;7;6;7;6;6;6;7;6;7;7;7;7;4;6;6;6;7;7;4;4;4;6;4;7;6;6;7;6;5;7;1;6;5;6;6;7;7;7;5;5;2;7;1;4;7;2;7;3;6;4;7;4;7;4;7;2;6;3;1;7;6;7;6;7;6;7;6;6;4;4;1;6;1;3;6;6;6;6;6;7;4;7;5;5;6;5;1;4;2;1;1
2;82;1971;1;0;5;0;1;7;2;0;4;1;1;1;0;1;-1;-1;4;4;-1;5;5;6;6;5;5;7;5;2;2;4;4;4;5;7;7;6;6;1;4;2;2;2;1;3;4;4;2;2;2;1;2;2;1;4;1;1;2;1;6;1;1;6;1;1;1;2;2;2;6;1;6;1;4;5;6;4;1;6;2;1;6;1;4;7;1;6;6;5;4;7;4;1;7;1;2;7;1;2;7;1;6;4;6;4;7;6;1;6;1;4;7;2;1;7;2;5;7;6;6;6;6;6;6;6;6;7;6;6;1;1;1;1;1
2;85;1969;3;2;4;0;2;24;2;0;9;2;4;1;-1;-1;2;3;2;3;3;3;4;4;3;3;4;6;2;2;7;2;2;2;6;6;7;7;7;7;6;7;6;6;6;7;7;6;7;6;6;7;2;2;2;6;4;4;6;5;5;5;2;5;5;5;1;6;6;6;6;3;5;1;6;2;6;4;7;7;6;5;5;6;2;6;2;5;5;5;6;2;6;6;6;5;5;6;6;6;6;5;5;5;5;6;6;5;5;6;5;5;2;5;5;6;3;6;5;5;5;5;4;5;5;5;4;4;5;5;1;1;1;1;1
2;86;1975;3;1;7;1;-1;10;2;1;6;1;4;1;3;2;5;5;4;5;5;4;5;6;6;5;6;4;3;3;4;4;1;2;2;7;4;3;3;2;2;3;2;4;2;2;1;3;3;1;1;3;2;4;3;5;2;1;6;2;5;2;2;3;1;1;3;6;4;5;1;6;1;3;5;4;4;7;7;2;5;2;4;4;5;4;3;4;4;3;6;3;6;5;3;5;2;3;3;6;5;4;6;5;6;6;6;2;4;3;4;1;4;3;5;6;4;5;4;6;6;6;6;6;6;4;5;5;4;1;2;2;2;2;2
2;88;1949;3;2;5;0;1;10;2;1;8;1;5;2;2;2;5;6;5;6;5;6;5;7;6;6;6;1;7;7;6;6;6;6;6;7;6;6;6;6;-1;6;6;6;7;6;5;6;6;6;6;6;-1;-1;-1;-1;-1;-1;-1;-1;-1;-1;-1;-1;-1;-1;-1;-1;-1;-1;-1;-1;-1;-1;-1;-1;-1;-1;-1;-1;-1;-1;-1;-1;-1;-1;-1;-1;-1;-1;-1;-1;-1;-1;-1;-1;-1;-1;-1;-1;-1;-1;-1;-1;-1;-1;-1;-1;-1;-1;-1;-1;-1;-1;-1;-1;-1;-1;-1;-1;-1;-1;-1;-1;-1;-1;-1;-1;-1;-1;1;1;1;1;1
2;94;1971;2;0;4;1;0;6;2;0;8;1;5;2;0;1;6;7;6;7;6;6;6;7;7;7;7;5;5;5;4;5;5;4;7;6;4;4;4;4;3;3;4;6;5;5;3;4;5;4;1;2;2;3;3;5;1;1;6;2;7;1;1;7;1;1;1;1;5;6;7;3;5;2;6;4;7;3;1;7;4;4;6;1;3;7;1;1;6;4;5;7;4;1;6;5;7;7;3;4;6;2;3;7;6;5;6;6;1;5;3;5;7;1;6;6;1;4;4;6;6;7;7;6;6;7;4;6;6;6;1;1;1;1;1
2;96;1959;2;3;-1;1;0;15;2;0;10;2;7;2;1;2;4;5;4;5;4;6;5;5;6;6;6;4;4;5;5;6;6;2;4;6;1;3;4;1;2;5;5;6;5;2;5;6;6;4;1;1;3;3;3;5;1;2;5;2;5;1;1;4;1;1;1;1;4;4;6;1;5;1;6;6;6;6;1;6;1;1;5;1;3;7;1;1;5;6;6;6;5;3;5;1;1;5;1;1;4;1;3;7;1;6;7;5;3;6;1;5;7;3;5;5;2;2;6;5;6;7;7;5;5;5;5;5;5;5;1;1;1;1;1
2;98;1976;3;2;3;1;0;5;2;0;9;2;1;1;1;2;4;5;3;3;3;4;4;4;4;4;5;7;7;7;7;6;7;7;7;7;6;6;7;6;7;7;7;7;7;7;7;7;7;7;7;6;2;2;1;6;4;6;7;7;7;5;1;7;3;3;1;7;7;7;7;3;5;1;7;1;7;7;1;7;7;7;7;6;1;7;1;1;7;7;7;6;7;3;7;7;7;7;7;1;7;1;1;7;7;7;7;7;1;7;7;7;2;7;1;7;1;2;5;2;3;7;7;6;6;6;1;2;5;5;1;7;2;1;1
2;100;1978;-1;0;6;1;0;3;1;0;10;2;5;2;1;2;4;4;5;4;5;4;4;4;5;5;6;6;7;4;4;5;2;6;6;6;6;4;4;2;6;2;3;4;4;4;4;3;4;3;1;2;3;4;4;4;1;2;6;1;5;1;1;4;2;4;1;2;4;4;7;2;6;2;6;7;6;6;2;5;3;7;4;4;3;5;1;3;5;6;6;6;4;3;6;3;4;2;4;3;4;2;2;6;6;6;6;4;1;6;2;4;5;4;3;6;1;4;6;6;7;7;7;6;6;6;4;5;4;6;1;1;1;1;1
2;102;1956;1;0;4;1;0;25;2;0;14;2;1;1;0;1;2;3;2;4;2;3;3;4;3;4;4;7;7;7;5;5;4;3;6;7;6;6;5;7;7;3;5;7;7;2;4;7;6;7;6;6;6;7;3;7;2;2;6;4;6;2;2;5;2;2;2;2;7;6;5;2;6;1;6;3;6;6;1;1;7;7;4;6;3;4;1;5;5;6;7;7;7;1;5;6;5;3;4;7;4;2;5;6;6;7;7;4;3;4;7;7;6;-1;4;7;1;6;6;5;5;7;7;7;7;7;4;5;6;5;7;3;3;4;4
2;106;1964;2;1;4;1;0;3;1;1;10;2;4;1;1;2;7;6;6;6;6;6;6;6;6;6;6;7;5;5;7;5;5;5;2;6;6;6;6;4;4;6;6;6;6;5;6;6;6;6;5;6;6;6;5;6;6;6;6;7;5;4;4;3;5;4;5;5;5;5;6;3;5;2;7;5;4;3;1;6;4;6;6;3;3;6;2;2;6;5;6;6;5;3;5;6;6;6;3;4;5;2;3;4;5;6;6;6;4;5;5;5;5;3;2;5;2;2;5;5;5;7;6;6;6;6;5;6;5;5;2;2;2;2;2
2;107;1970;2;3;6;1;0;10;2;0;9;2;12;2;2;2;4;6;6;6;5;5;6;6;4;5;6;5;7;6;5;6;4;4;7;7;4;6;7;1;4;2;5;7;7;7;5;3;4;3;6;2;5;6;7;5;1;1;3;6;6;1;4;4;2;4;4;1;5;6;6;4;5;4;6;6;6;3;2;7;4;4;6;1;5;6;1;3;6;5;6;7;4;2;7;7;1;4;1;4;6;1;2;5;6;6;6;5;2;6;6;5;6;2;5;6;2;1;6;6;6;7;7;3;5;7;6;6;7;7;5;7;4;3;2
2;110;1973;3;0;6;1;0;9;2;0;10;2;4;1;0;1;4;5;5;5;5;6;6;6;5;5;6;4;3;3;4;4;3;5;5;5;4;4;3;3;5;4;4;5;4;3;4;5;5;4;3;3;3;4;3;4;3;3;5;3;5;3;4;5;3;3;3;3;5;4;6;3;4;4;5;5;6;4;3;6;3;4;6;4;4;4;3;3;5;4;5;5;5;2;5;3;5;5;4;4;6;3;3;5;5;5;5;5;3;5;3;5;5;2;3;5;2;3;5;6;5;6;6;5;6;6;4;5;4;5;1;1;1;1;1
2;115;1970;3;2;6;1;0;6;2;0;12;2;2;1;2;2;6;5;5;5;6;5;5;5;4;4;4;1;1;1;1;1;1;1;1;1;1;1;1;1;1;1;1;1;1;1;1;1;1;1;1;1;5;5;7;5;7;1;7;1;7;7;7;7;1;5;7;1;7;5;7;1;5;6;7;7;7;1;5;7;3;7;7;5;1;5;1;5;5;5;7;7;5;6;7;3;6;5;7;7;7;3;5;5;5;7;5;5;5;7;1;7;7;7;5;7;1;7;7;7;7;7;7;7;7;7;1;5;5;5;1;1;1;1;1
2;116;1960;3;2;6;1;0;16;2;0;8;1;4;1;3;2;5;5;4;5;5;5;5;5;5;5;5;3;4;2;3;1;1;1;2;6;2;2;3;2;2;1;1;4;3;1;1;1;3;1;1;1;3;3;2;6;2;2;6;1;5;1;1;5;2;2;1;1;6;6;6;2;3;2;6;6;6;6;1;6;6;6;6;3;2;7;1;2;5;7;6;7;5;1;5;1;6;5;4;5;6;1;3;4;5;6;6;6;1;5;2;5;3;4;2;5;1;4;6;6;6;6;6;6;6;6;5;6;5;3;2;2;2;2;2
2;120;1965;3;1;7;0;1;7;2;0;10;2;20;2;2;2;5;5;6;6;5;5;6;5;5;5;6;5;7;6;4;5;5;5;3;7;5;5;5;3;7;4;1;4;4;2;5;5;6;1;1;1;5;5;5;5;3;3;5;3;2;1;1;5;1;5;1;2;3;3;6;2;4;3;4;3;6;5;1;6;5;3;6;4;2;6;1;4;6;3;5;6;6;2;6;5;4;5;4;4;6;4;3;5;3;5;6;5;1;5;4;3;5;4;2;6;2;2;5;6;6;6;5;6;6;6;3;5;5;5;2;4;4;2;2
2;121;1964;3;2;4;1;0;16;2;1;12;2;2;1;2;2;6;6;6;7;6;6;6;6;6;6;6;7;6;6;7;7;6;7;4;6;6;7;4;5;6;6;4;5;4;5;5;5;6;6;6;6;6;5;6;6;7;3;5;5;7;5;4;5;2;4;5;6;5;6;5;6;6;6;5;1;6;2;1;2;6;4;5;3;6;2;3;1;6;4;4;6;2;2;2;6;2;2;2;2;2;2;4;4;4;4;5;5;4;6;6;6;2;3;3;2;2;2;7;1;-1;3;3;2;6;6;2;2;2;2;7;7;7;7;7
2;122;1981;3;0;6;1;0;1;1;0;10;2;4;1;0;1;3;3;3;4;4;4;4;4;3;3;3;3;4;4;3;4;4;3;3;6;3;4;3;3;4;3;2;4;3;4;4;4;3;3;2;2;3;3;2;4;3;3;4;2;5;4;3;6;2;2;2;2;5;6;6;3;4;4;4;4;6;3;2;6;5;4;6;3;4;5;2;2;5;6;5;6;4;2;6;4;4;5;4;4;6;2;2;4;4;5;6;6;1;6;4;5;6;2;4;6;2;4;3;6;6;6;5;4;5;5;5;6;6;6;2;2;2;2;2
2;123;1975;1;0;6;1;0;5;2;0;12;2;2;1;0;1;4;4;5;5;6;5;5;6;5;5;5;5;5;4;3;5;5;6;4;5;4;4;4;4;4;5;4;4;3;4;5;4;4;4;3;4;4;5;5;5;4;3;4;3;4;3;3;4;3;4;3;3;4;4;5;4;4;4;4;4;5;4;4;5;4;4;4;4;3;4;4;4;5;3;5;4;5;3;5;4;4;5;4;3;5;4;3;4;5;5;4;5;3;5;3;4;5;3;3;5;2;4;4;6;6;6;6;6;5;6;5;5;6;6;3;3;2;2;2
2;124;1973;3;1;3;1;0;1;1;0;10;2;0;1;0;1;4;4;4;4;4;4;-1;-1;-1;-1;5;5;4;6;3;6;6;5;5;6;5;4;3;3;5;5;3;4;4;4;5;5;5;4;5;4;4;4;5;5;1;1;5;1;6;1;1;4;1;1;1;1;5;5;6;2;4;1;6;4;5;5;1;6;5;5;6;4;2;6;2;2;5;7;6;7;4;3;4;4;4;4;4;3;5;2;3;4;6;6;6;4;1;5;4;5;6;3;3;5;4;4;6;5;4;6;6;6;5;5;4;5;4;4;2;1;1;1;1
2;125;1980;2;4;6;-1;-1;3;1;0;9;2;5;2;2;2;3;4;2;3;4;3;5;6;5;3;2;3;3;2;3;4;2;5;2;5;3;2;5;2;5;2;5;6;2;4;4;3;2;5;6;3;4;3;5;4;1;2;5;3;6;-1;5;7;5;4;4;3;4;4;5;4;3;5;4;3;5;5;3;3;4;2;4;1;5;4;6;4;2;6;4;4;6;3;3;-1;-1;4;3;3;6;5;3;3;4;4;3;6;3;3;5;5;5;3;-1;2;6;3;3;3;5;3;5;3;4;1;3;3;2;4;2;3;2;3;5
2;128;1949;3;2;4;0;1;12;2;0;4;1;4;1;4;2;5;5;5;5;5;5;6;4;5;5;5;7;5;5;4;5;5;5;6;6;6;7;6;4;5;6;5;5;6;6;5;5;5;3;-1;6;5;5;5;5;4;2;3;5;5;5;5;4;2;4;4;5;5;5;5;5;5;3;4;3;6;3;2;6;2;3;7;1;3;6;1;5;5;3;5;3;5;3;5;2;3;6;2;5;5;5;3;5;5;5;5;5;1;5;3;3;6;1;6;5;2;6;6;5;5;5;5;5;5;5;5;5;5;5;2;2;2;2;2
2;129;1974;3;1;5;1;-1;4;2;0;8;1;6;2;1;2;6;6;5;6;6;7;7;7;7;7;7;7;4;7;4;7;5;6;5;6;5;6;7;4;6;6;6;7;7;5;4;5;6;4;1;7;2;5;5;7;1;1;6;4;7;7;4;7;1;7;1;1;7;7;7;5;7;2;4;-1;-1;-1;-1;-1;-1;-1;-1;-1;-1;-1;-1;-1;-1;-1;-1;-1;-1;-1;-1;-1;-1;-1;-1;-1;-1;-1;-1;-1;-1;-1;-1;-1;-1;3;5;6;7;1;5;7;1;-1;-1;7;7;7;7;7;7;7;5;5;6;6;1;1;1;1;1
2;130;1978;1;-1;4;1;-1;4;2;1;8;1;4;1;1;2;4;2;4;2;5;2;3;4;5;4;2;2;4;3;3;6;3;4;7;5;3;3;2;2;3;6;4;2;5;3;6;3;5;3;5;2;3;5;6;6;1;3;5;5;6;5;4;4;5;6;6;6;6;4;4;5;7;3;4;2;6;4;4;3;4;3;3;5;5;-1;4;-1;3;3;4;5;3;2;3;-1;4;6;4;5;6;3;4;4;5;4;6;5;4;3;5;4;1;5;4;5;2;4;2;7;6;4;6;5;4;6;5;6;4;6;2;4;4;3;7
2;131;1966;2;4;3;1;-1;4;2;1;8;1;2;1;-1;-1;4;4;4;4;5;-1;6;6;3;3;7;5;6;6;2;3;5;7;7;7;6;7;2;4;7;7;6;6;5;6;7;7;7;7;6;5;4;5;3;4;1;3;4;1;3;2;3;4;-1;3;4;5;3;5;6;6;5;2;-1;2;6;6;2;6;2;2;6;2;2;2;7;1;5;1;5;2;5;2;5;4;3;5;3;4;5;6;1;4;6;5;3;6;1;7;6;6;3;2;7;6;7;1;2;5;3;5;3;5;6;6;4;3;3;4;6;5;5;5;4
2;134;1985;3;0;6;0;2;20;2;1;10;2;30;2;-1;-1;5;5;6;6;7;5;7;6;6;6;7;2;5;6;2;3;2;5;7;7;2;4;1;1;3;6;1;7;6;1;6;4;4;1;1;2;1;1;1;6;1;1;5;2;6;1;1;3;1;2;1;1;4;5;7;1;1;1;7;6;5;5;1;6;6;7;7;6;3;6;1;1;5;7;4;7;2;3;6;6;4;4;6;6;5;4;2;5;5;4;6;6;1;4;5;3;7;6;1;5;3;3;7;4;4;4;4;6;6;6;2;3;4;4;1;1;1;1;1
2;139;1939;1;-1;2;1;-1;30;2;0;12;2;12;2;-1;-1;3;5;3;4;5;5;4;6;4;4;4;5;5;5;6;6;6;6;5;5;5;5;2;4;2;6;6;4;2;3;3;1;1;3;5;3;3;3;4;4;5;1;4;1;3;3;4;5;1;1;6;3;3;2;3;4;4;3;-1;5;2;3;1;5;4;5;5;4;4;6;5;6;4;4;5;3;4;3;5;4;5;3;3;5;5;2;5;2;3;5;3;2;4;4;2;5;4;5;3;5;2;6;3;2;3;6;5;6;6;6;2;4;5;5;1;1;1;1;1
2;142;1970;3;1;5;0;6;25;2;0;7;1;3;1;2;2;4;4;5;6;6;6;6;6;6;6;6;6;4;4;2;3;4;4;3;7;7;4;2;3;6;4;7;6;7;1;3;5;6;6;4;3;5;5;7;5;1;1;6;7;6;1;4;4;1;3;1;2;6;6;6;2;5;1;6;4;6;4;7;6;7;5;6;4;4;6;2;3;7;4;4;3;6;7;1;4;5;5;6;4;6;1;1;4;4;4;5;7;6;7;4;6;7;1;4;5;1;3;4;6;6;6;6;7;6;6;7;7;6;6;4;1;1;1;1
2;144;1969;3;3;0;0;1;14;2;0;6;1;5;2;3;2;4;4;4;4;4;4;4;4;4;4;4;5;3;2;2;2;2;2;2;3;3;3;2;3;4;3;2;4;3;2;3;3;3;1;2;2;2;2;2;3;1;2;3;2;5;4;1;4;2;2;1;2;5;5;4;3;4;2;6;5;6;5;1;7;4;3;5;2;3;5;2;3;5;6;3;4;4;1;5;3;3;6;2;3;6;3;4;6;4;3;5;3;1;3;2;3;6;3;3;6;1;3;5;6;6;6;6;7;7;7;4;4;3;4;1;1;1;1;1
2;145;1973;1;3;4;1;0;5;2;0;10;2;5;2;0;1;4;6;6;6;5;4;3;4;4;4;3;6;6;6;5;4;2;4;5;5;4;5;4;4;4;5;4;5;4;4;4;4;5;4;5;4;5;4;4;4;5;3;6;3;5;3;3;-1;6;5;2;2;3;6;6;3;6;4;6;5;6;2;4;6;3;3;6;3;2;5;2;4;4;6;6;4;5;3;4;6;5;5;3;5;5;3;3;6;6;6;5;5;2;4;4;4;6;2;2;6;2;2;4;3;3;3;3;7;6;4;2;4;4;4;4;7;5;4;7
2;146;1971;3;2;5;1;0;5;2;0;9;2;3;1;0;1;4;5;4;4;3;3;4;4;4;4;5;5;6;6;6;6;6;6;6;6;3;3;3;3;6;6;6;7;7;7;3;6;7;1;1;1;7;7;1;4;1;1;6;6;4;1;1;4;4;4;2;1;4;4;6;4;3;3;-1;7;6;7;1;5;7;7;6;3;2;7;1;1;2;7;6;7;6;2;5;6;6;6;1;5;6;1;2;1;6;6;6;1;1;6;6;6;7;2;1;6;2;2;2;6;6;6;6;6;6;6;1;4;5;5;1;1;1;1;1
2;149;1987;1;0;5;1;0;4;2;0;8;1;3;1;1;2;4;4;4;4;4;4;4;4;4;4;4;4;2;2;1;1;1;1;1;2;2;2;2;3;2;3;3;3;3;1;2;2;3;1;1;3;2;3;3;3;1;1;3;2;4;4;2;4;2;3;1;2;4;4;4;3;3;1;6;5;5;5;1;7;3;5;5;3;5;6;1;1;5;6;4;6;3;1;6;3;4;5;3;3;5;2;3;6;6;4;4;4;1;4;2;3;7;4;2;4;1;2;6;7;7;7;7;7;7;7;5;5;5;4;1;1;1;1;1
2;150;1970;3;2;4;1;0;4;2;1;7;1;4;1;2;2;4;4;4;5;4;4;4;4;4;4;4;4;1;1;1;2;2;2;2;3;3;3;1;3;2;3;3;3;2;2;2;2;1;1;1;2;2;2;2;3;1;1;3;2;4;3;1;3;2;2;1;2;3;3;4;3;3;1;5;5;5;5;1;6;4;5;5;4;5;6;2;3;3;6;3;6;3;2;5;2;3;5;3;3;5;2;3;5;5;3;6;5;1;3;2;3;6;4;3;5;1;2;6;6;6;6;6;7;7;7;5;5;4;4;2;2;2;2;2
2;151;1964;2;2;4;1;0;10;2;1;9;2;16;2;6;2;6;5;5;5;5;5;6;6;6;6;6;6;6;6;3;8;8;6;1;7;5;5;4;7;1;6;4;4;4;1;7;6;6;1;1;1;4;5;4;6;1;1;6;1;5;1;7;7;1;1;7;1;7;7;7;5;6;4;7;7;7;7;1;7;7;2;5;2;7;7;1;1;5;7;7;7;5;1;5;5;7;5;2;1;5;1;1;4;6;7;6;6;3;5;5;5;6;3;5;5;1;3;6;5;5;7;7;7;7;7;5;6;6;6;6;1;1;1;1
2;152;1967;3;2;4;1;0;13;2;1;9;2;5;2;2;2;4;4;4;4;4;4;4;4;4;4;4;5;3;3;2;3;4;4;5;5;4;3;3;2;4;3;4;2;4;3;3;4;4;3;4;2;3;3;3;4;3;4;4;3;4;4;4;3;3;4;2;3;4;4;5;4;4;3;3;4;5;4;3;5;5;4;5;3;5;5;3;3;3;4;4;5;4;3;5;4;3;5;4;4;5;4;4;4;4;4;3;4;4;5;3;4;4;3;4;4;3;3;5;5;5;5;5;5;5;5;4;5;5;5;2;2;2;2;2
2;154;1966;3;2;6;1;0;7;2;0;12;2;3;1;0;1;4;4;5;5;5;5;4;4;4;4;5;6;5;3;4;5;4;4;3;6;4;3;3;3;4;4;5;5;3;3;3;4;3;3;3;3;4;3;3;4;3;4;4;5;4;3;4;5;3;4;1;1;4;4;5;4;4;1;6;4;5;5;2;6;6;7;6;1;6;6;1;1;5;5;3;7;4;3;5;4;3;5;2;2;5;3;3;5;4;3;5;6;3;4;3;4;4;1;4;4;3;4;5;6;6;6;6;5;5;5;4;5;5;5;1;1;1;1;1
2;157;1980;3;0;6;1;0;1;1;1;6;1;12;2;3;2;5;5;5;5;5;5;5;5;5;5;5;4;4;4;4;4;3;4;4;4;4;3;3;3;2;2;2;2;2;2;1;2;2;1;1;2;3;3;3;3;1;2;3;2;4;2;1;3;2;2;2;2;3;3;4;3;3;2;5;5;4;5;2;7;4;4;5;3;5;6;2;3;3;5;3;5;3;2;4;3;3;4;2;3;4;3;5;5;4;3;4;4;2;4;3;3;6;3;3;5;2;3;5;5;5;5;5;5;5;5;3;3;3;3;2;2;2;2;2
2;162;1970;3;5;6;1;0;6;2;0;6;1;4;1;1;2;1;2;3;2;5;4;5;2;3;4;6;4;3;4;5;2;4;5;3;4;5;4;2;4;5;3;5;6;6;3;2;3;4;2;5;3;2;3;4;4;6;4;5;4;5;6;2;5;-1;2;4;5;6;2;3;4;3;6;5;5;4;1;5;2;4;6;3;6;5;4;3;5;1;3;3;4;6;5;4;2;5;1;5;4;3;5;6;3;5;3;5;4;3;4;3;5;2;6;4;1;3;6;4;4;3;5;4;3;4;3;4;3;4;5;3;5;6;4;3
2;163;-1;3;0;-1;1;0;8;2;0;12;2;2;1;0;1;4;4;5;-1;6;6;5;6;5;5;6;5;3;4;1;4;4;4;2;6;4;3;5;3;4;6;4;6;6;2;6;5;3;1;6;3;4;4;3;5;2;2;6;4;5;2;2;5;1;1;1;3;5;4;4;3;4;2;6;4;6;4;2;6;6;6;6;5;3;6;2;3;6;6;5;5;5;2;6;5;5;6;4;6;6;2;3;5;6;5;6;6;3;6;3;4;5;6;3;6;1;3;3;6;6;5;5;6;6;6;5;6;6;5;1;1;1;1;1
2;164;1949;3;5;3;0;3;37;2;0;12;2;6;2;3;2;3;6;2;5;5;5;5;6;4;3;5;5;5;7;7;6;6;4;5;4;4;5;6;7;3;7;2;5;6;3;7;4;6;6;4;5;5;5;4;5;1;1;2;6;5;7;3;6;3;4;1;1;2;2;5;3;3;1;-1;4;7;2;5;7;7;2;6;5;3;7;1;1;1;7;6;6;4;6;4;7;5;3;5;6;7;1;1;4;7;6;7;3;6;5;6;3;7;6;2;5;1;2;2;5;6;6;6;6;5;6;5;4;4;4;6;6;4;4;2
2;165;1966;3;3;4;1;0;6;2;0;10;2;8;2;0;1;6;6;6;6;6;7;6;6;6;6;6;5;4;7;2;4;4;4;3;7;6;3;2;1;6;2;1;3;4;6;2;4;1;1;1;5;1;2;1;7;1;1;7;1;7;1;1;7;1;1;1;1;7;7;7;1;7;1;4;2;7;6;1;7;2;7;7;1;3;7;1;1;7;3;5;7;7;1;7;4;5;6;2;7;6;1;1;6;6;5;7;7;1;6;2;5;6;1;1;6;1;3;7;7;7;7;7;7;7;7;6;7;7;6;1;1;1;1;1
2;170;1958;3;3;6;1;0;23;2;1;12;2;9;2;4;2;5;4;3;3;5;5;4;4;5;4;5;6;5;5;6;5;4;4;4;5;5;6;5;6;4;5;3;4;5;6;4;5;4;5;6;5;3;5;4;5;6;4;3;5;6;4;5;5;4;6;5;4;5;4;5;4;5;5;5;4;6;5;6;5;3;2;5;6;7;3;4;4;4;5;5;3;6;6;5;4;5;5;6;6;5;5;2;5;6;5;6;5;6;5;4;5;4;6;5;4;4;5;4;5;4;5;5;6;5;3;3;5;4;4;5;2;5;2;4
2;171;1959;1;0;6;-1;-1;-1;-1;-1;-1;-1;2;1;3;2;7;6;6;6;6;7;6;6;6;6;6;5;4;4;5;5;5;3;2;4;3;2;3;4;4;5;5;5;4;3;3;3;4;4;6;3;4;3;3;5;3;3;5;3;4;3;4;5;3;5;1;1;5;5;6;3;5;3;4;5;5;5;3;6;3;4;4;3;4;5;4;4;5;4;5;3;5;3;4;3;5;4;5;6;5;4;3;5;5;5;5;4;2;7;2;5;4;2;4;6;2;4;4;7;7;7;7;6;6;6;4;5;5;6;1;1;1;1;1
2;173;-1;2;1;5;1;0;0;1;0;10;2;4;1;0;1;5;5;5;5;5;5;5;5;6;6;6;5;4;5;4;4;6;5;1;7;5;3;1;2;5;5;5;5;5;4;4;4;4;4;6;3;4;3;3;5;4;4;5;4;4;4;5;5;3;5;2;2;5;5;6;3;4;4;4;5;5;4;4;6;4;4;4;3;4;5;4;4;5;3;5;4;4;4;5;5;4;5;2;5;4;4;3;5;5;5;5;4;3;6;3;5;4;2;4;6;2;4;4;6;6;6;6;7;7;7;5;5;5;5;1;1;1;1;1
2;177;1947;1;0;2;1;0;40;2;1;9;2;2;1;0;1;3;4;2;5;1;5;2;5;4;5;4;6;7;4;3;5;3;3;2;5;2;3;3;2;5;5;6;6;3;1;4;4;7;6;4;7;6;6;2;6;1;2;6;3;4;3;1;4;2;1;4;1;4;4;5;1;6;2;6;4;5;3;3;7;2;5;5;2;3;4;1;5;4;6;6;6;4;3;5;6;4;5;3;4;4;3;5;4;6;6;7;4;2;5;6;5;6;2;5;6;2;6;4;5;5;5;5;5;5;5;3;3;3;4;4;4;4;3;2
2;178;1967;2;1;5;1;0;10;2;0;8;1;-1;-1;2;2;5;4;5;5;6;5;6;6;6;6;7;4;5;4;4;5;5;5;-1;4;6;7;7;7;-1;-1;-1;5;4;6;4;4;4;5;7;6;4;6;1;4;1;1;4;1;4;1;1;6;1;1;1;4;6;6;7;1;7;1;4;7;5;5;1;5;7;7;5;5;4;6;1;1;6;2;5;7;5;3;4;6;7;5;4;4;5;3;2;3;3;5;6;6;1;5;5;5;5;4;1;5;1;4;4;6;6;7;7;7;7;7;4;5;6;5;1;1;1;1;1
2;181;1969;3;1;5;1;0;14;2;0;9;2;4;1;0;1;4;3;4;5;6;5;7;7;5;5;6;7;5;7;7;7;7;6;3;7;5;4;7;6;7;7;7;4;5;7;5;5;7;5;6;5;3;6;3;6;1;1;7;1;7;1;1;6;1;6;1;1;6;6;6;1;6;1;5;6;6;5;1;7;7;7;6;1;3;7;1;6;6;6;6;7;6;2;6;4;6;6;2;5;6;1;6;4;6;6;6;5;1;6;3;6;7;2;1;7;1;5;7;6;6;7;7;7;7;7;5;7;6;6;1;1;1;1;1
2;182;1963;3;1;5;1;0;10;2;0;10;2;3;1;3;2;2;4;4;4;5;4;4;5;5;5;5;5;4;4;3;5;3;3;4;6;2;5;4;4;2;4;6;2;4;6;2;4;6;2;3;2;2;2;2;6;1;1;3;1;6;4;1;7;1;1;1;1;3;7;7;1;5;4;3;6;7;3;1;6;6;6;6;1;4;5;4;3;6;4;6;7;3;1;6;4;4;4;4;3;7;1;4;6;4;6;6;3;1;4;2;6;4;2;2;6;2;4;6;4;5;6;6;5;5;5;4;5;5;5;2;1;1;1;1
2;184;1968;3;2;3;1;0;26;2;1;13;2;3;1;1;2;2;2;2;3;3;4;4;5;5;5;5;4;4;7;6;7;7;7;7;7;7;5;5;3;6;7;5;7;5;7;7;7;7;7;1;5;7;7;6;7;1;1;7;6;6;1;7;2;6;1;1;6;7;7;7;1;7;1;6;2;4;7;7;5;7;7;7;6;7;7;1;1;7;7;7;1;5;7;7;7;7;7;6;7;7;1;1;7;7;7;7;4;6;6;7;5;5;7;6;7;1;1;7;7;7;7;7;7;7;7;6;7;7;6;1;1;1;1;1
2;185;1949;3;0;6;1;0;30;2;0;7;1;1;1;0;1;1;2;1;3;1;3;1;4;4;4;5;7;7;7;6;7;7;7;3;5;5;6;5;6;7;7;4;5;5;7;7;5;5;6;7;6;4;4;1;5;1;6;5;6;4;4;-1;2;6;3;6;2;7;7;7;3;5;1;7;1;7;1;6;7;1;6;7;7;1;5;7;6;6;7;7;1;7;5;7;7;5;5;6;4;6;7;5;6;7;7;7;5;7;5;7;6;7;7;6;7;7;4;4;6;6;6;5;6;6;5;4;4;5;5;5;5;5;5;5
2;186;1996;3;3;6;1;0;20;2;0;17;2;12;2;0;1;6;6;6;5;6;6;6;6;6;6;6;7;7;7;3;6;7;5;1;6;6;5;3;5;3;6;1;1;1;1;1;6;1;1;1;1;1;4;3;5;1;2;6;1;7;1;1;6;1;1;1;4;7;7;7;1;5;1;7;7;7;6;1;7;7;7;6;1;3;7;1;1;6;7;7;7;5;1;7;4;7;4;2;4;6;1;2;4;7;7;7;7;1;6;1;6;7;1;1;7;1;1;7;6;6;6;6;7;7;7;6;6;7;6;5;1;1;1;1
2;187;1941;2;2;3;0;2;40;2;1;20;2;3;1;0;1;1;1;1;1;1;1;1;1;1;1;1;7;7;4;1;7;1;7;1;7;5;4;7;1;1;7;3;7;4;7;1;7;1;1;7;7;7;7;7;7;1;1;6;1;7;1;1;7;1;1;7;1;7;7;7;1;7;2;7;7;7;7;1;7;6;7;4;6;1;7;1;1;7;7;7;4;7;1;7;1;7;5;7;1;7;1;1;7;7;7;7;7;4;7;1;7;1;7;1;7;1;1;7;6;7;4;2;7;7;6;6;6;7;6;2;1;1;1;1
2;194;1963;3;3;5;1;-1;11;2;0;12;2;70;2;2;2;6;6;6;6;6;6;6;6;5;5;6;5;6;6;5;5;6;6;6;6;6;6;6;6;6;6;6;6;5;5;6;6;5;5;6;5;6;5;6;5;2;1;3;6;4;2;1;6;4;2;2;1;5;5;5;6;1;2;6;2;2;2;2;6;1;6;5;2;2;6;1;6;1;7;5;2;1;2;6;6;7;4;1;1;6;1;7;5;5;5;2;2;1;5;1;5;2;2;1;6;2;7;2;5;6;6;6;6;6;6;5;5;5;5;1;1;1;1;1
2;195;1952;1;2;4;0;1;30;2;1;8;1;3;1;0;1;3;3;4;4;4;-1;5;5;4;3;3;3;2;4;1;6;1;5;2;3;5;3;2;2;3;6;2;2;3;5;3;2;3;5;5;3;1;4;2;1;1;1;1;1;3;1;1;7;1;2;1;1;3;2;4;1;1;1;2;5;6;6;1;7;7;1;3;1;4;7;1;5;5;6;5;2;7;3;6;3;3;3;2;7;4;1;6;4;4;5;6;6;1;5;5;2;1;2;2;3;1;4;7;6;-1;7;7;7;7;7;4;5;4;5;1;1;1;1;1
2;196;1958;-1;3;-1;0;-1;29;2;0;10;2;23;2;2;2;4;6;6;6;3;5;7;7;5;5;7;7;7;7;7;7;7;7;1;7;4;7;1;4;7;7;7;7;7;1;7;7;7;4;7;7;7;4;7;7;1;1;7;1;7;1;1;7;1;1;1;1;7;7;7;1;4;1;-1;7;7;7;1;7;4;7;7;4;1;7;1;1;7;1;7;7;7;1;7;1;7;7;1;1;7;1;1;7;7;7;7;4;1;7;1;5;3;1;1;7;1;4;5;7;7;7;5;7;7;7;4;7;7;7;1;1;1;1;1
2;198;1973;3;2;5;1;-1;10;2;1;8;1;18;2;1;2;5;4;3;3;4;4;4;4;5;5;4;4;4;1;1;2;1;1;1;3;3;2;2;1;1;1;3;4;4;1;4;3;3;2;1;1;1;1;1;4;2;1;5;1;-1;1;1;4;1;1;1;1;5;5;6;2;3;3;6;4;7;7;1;7;5;7;4;3;2;7;1;4;4;7;4;7;3;1;5;3;6;-1;2;3;7;1;3;6;5;4;6;6;1;4;3;4;7;4;1;7;1;3;3;6;5;7;6;5;6;6;3;4;4;4;1;1;1;1;1
2;199;1965;3;0;3;1;-1;25;2;0;9;2;5;2;0;1;5;6;5;6;5;6;6;6;5;6;6;4;5;3;3;4;3;4;3;6;3;1;5;1;4;1;5;3;1;1;3;4;4;4;6;3;4;3;3;5;3;3;5;3;3;3;4;5;3;5;1;1;5;5;6;3;5;3;4;5;5;5;3;6;5;4;4;3;4;5;4;4;5;4;5;3;5;3;4;3;5;4;3;6;5;4;3;5;5;5;5;4;2;7;2;5;4;2;4;6;2;4;4;7;6;6;7;6;6;6;4;5;5;6;1;1;1;1;1
2;200;1976;3;2;5;1;-1;2;1;0;9;2;2;1;0;1;4;3;4;4;6;4;6;5;7;6;5;4;2;7;2;7;6;7;1;6;7;2;4;7;5;4;1;1;5;1;7;4;5;3;4;5;6;7;7;7;1;1;7;6;6;1;1;-1;2;6;2;2;6;5;6;2;7;1;6;6;7;6;2;6;4;6;6;4;6;4;2;4;6;4;4;6;4;3;5;5;6;4;5;6;5;3;3;5;5;4;6;6;2;5;4;3;5;3;3;5;1;5;3;5;6;7;7;6;6;5;4;5;4;5;3;4;2;1;1
2;201;1982;3;-1;5;0;1;4;2;0;14;2;6;2;0;1;6;6;6;6;6;6;6;6;6;6;6;6;4;4;4;5;5;4;4;7;4;4;1;1;6;6;1;3;3;6;6;6;3;2;2;5;6;7;7;7;1;1;7;6;6;1;1;4;2;5;1;2;6;5;6;2;6;1;6;6;7;6;2;6;7;6;6;4;6;4;2;4;6;4;4;6;4;3;5;5;6;4;5;6;5;3;3;5;5;4;6;6;2;5;4;3;5;3;3;5;1;5;3;5;6;7;7;6;6;5;4;5;4;5;3;4;2;1;1
2;207;1969;3;2;5;0;1;19;2;0;12;2;150;2;0;1;5;6;4;6;5;5;4;5;4;5;4;3;2;5;3;3;2;1;4;5;1;3;2;1;5;2;2;4;4;1;4;4;3;1;1;1;2;3;1;3;1;1;5;1;4;1;3;5;1;3;1;1;5;5;6;1;4;2;5;4;7;7;1;6;6;5;6;1;7;7;1;2;6;7;5;7;4;2;6;2;1;5;1;7;6;1;2;4;6;5;5;7;1;6;1;4;7;1;7;6;1;3;7;6;6;7;7;5;5;6;3;6;5;6;1;1;1;1;1
2;208;1980;3;-1;4;1;-1;6;2;0;10;2;4;1;0;1;5;6;4;6;5;5;4;5;4;5;4;3;2;5;3;3;2;1;4;5;1;3;2;1;5;2;2;4;4;1;4;4;3;1;1;1;2;3;1;3;1;1;5;1;4;1;3;5;1;3;1;1;5;5;6;1;4;2;5;4;7;7;1;6;6;5;6;1;7;7;1;2;6;7;5;7;4;2;6;2;1;5;1;7;6;1;2;4;6;5;5;7;1;6;1;4;7;1;7;6;1;3;7;6;6;7;7;5;5;6;3;6;5;6;1;1;1;1;1
2;210;1972;3;2;5;1;-1;16;2;0;10;2;5;2;1;2;4;5;5;4;4;4;5;3;4;4;5;6;5;4;3;6;5;4;5;5;3;3;4;6;-1;2;3;4;4;3;5;4;5;5;3;4;5;4;4;6;3;5;3;4;3;5;5;6;-1;3;4;5;5;3;7;5;5;6;5;3;6;6;4;5;2;2;5;4;6;5;5;4;4;2;3;4;5;5;6;6;4;5;4;6;4;5;3;6;4;3;7;5;6;6;6;5;4;3;5;3;4;5;2;5;5;4;4;5;5;4;4;5;3;3;2;2;1;1;1
2;211;1953;3;2;5;0;1;25;2;0;12;2;12;2;2;2;4;6;4;6;5;6;5;6;5;6;6;4;3;3;2;4;4;3;3;5;3;3;1;1;4;5;3;3;2;1;1;1;1;1;1;1;1;1;1;6;1;1;6;1;6;2;5;7;1;1;1;1;6;6;7;1;6;1;7;7;7;6;1;7;5;6;6;4;3;7;1;1;6;7;6;7;5;2;6;2;5;5;5;5;6;1;-1;6;6;6;7;7;1;6;2;7;3;2;2;6;1;4;6;6;6;7;7;7;6;6;6;6;6;7;1;1;1;1;1
2;212;1966;3;2;3;0;1;10;2;0;10;2;9;2;0;1;5;6;7;6;5;5;7;7;7;7;7;6;7;7;2;7;7;2;2;7;2;6;5;2;7;7;7;6;7;5;7;7;6;6;5;1;7;7;7;6;1;6;7;7;7;6;6;4;5;6;1;6;7;6;6;6;5;6;5;2;7;5;6;7;6;7;7;6;2;6;1;1;7;7;6;5;7;7;6;6;6;7;5;1;7;1;1;7;7;6;7;7;7;7;5;5;7;7;1;7;1;1;7;5;3;5;5;7;7;7;4;5;7;7;1;4;1;1;1
2;213;1965;3;3;5;0;1;13;2;0;12;2;8;2;0;1;4;5;5;5;6;4;6;6;6;5;6;4;4;5;3;5;5;6;3;4;4;3;2;-1;6;4;4;4;4;2;4;5;5;4;3;3;5;6;3;4;2;2;5;3;5;3;2;6;2;4;3;2;4;4;6;3;5;2;6;3;6;3;2;7;4;4;7;2;4;6;2;4;5;5;4;6;4;2;6;4;5;5;4;4;6;2;2;6;5;4;5;6;2;6;4;4;6;2;4;5;2;4;4;6;5;6;5;6;6;5;4;5;4;5;1;1;1;1;1
2;214;1970;1;2;5;1;0;10;2;0;11;2;4;1;0;1;4;6;5;6;5;7;5;6;5;5;6;7;7;7;7;7;7;7;6;7;7;7;5;5;6;6;6;6;7;6;6;7;6;7;6;7;7;7;6;6;-1;6;6;7;1;1;3;1;1;7;1;5;4;5;7;3;6;2;6;3;7;4;3;7;7;4;7;7;3;5;6;5;7;7;7;7;2;3;5;4;5;7;7;4;7;5;7;5;7;7;7;7;1;6;5;5;3;5;4;7;3;5;5;5;6;7;7;6;6;6;2;5;5;5;7;7;7;7;7
2;215;1978;3;0;6;0;1;10;2;1;10;2;54;2;0;1;6;5;6;6;6;5;5;6;6;6;7;2;6;4;3;4;5;5;4;6;4;5;2;2;6;6;5;4;4;2;2;6;4;2;2;3;2;1;5;4;1;2;6;1;4;1;4;6;2;4;1;3;5;6;6;4;5;2;6;6;6;4;2;6;6;7;6;6;4;7;1;2;6;6;4;7;6;1;6;6;5;4;6;5;4;5;3;4;6;4;6;6;1;6;4;5;6;5;2;5;2;2;6;6;6;5;6;5;6;5;5;4;4;4;1;1;1;1;1
2;218;1971;3;2;7;0;0;-1;1;0;10;2;170;2;0;1;5;6;5;6;5;5;5;6;7;7;6;6;7;7;5;7;7;4;5;7;5;5;6;4;6;6;6;7;6;5;5;5;7;5;5;5;4;4;4;5;3;3;4;3;5;4;4;5;3;3;2;2;5;5;7;5;5;4;6;3;5;5;4;6;4;3;5;3;2;5;5;5;5;6;6;3;5;2;6;4;5;5;5;5;5;4;3;6;6;6;5;6;3;5;4;5;3;3;3;5;3;5;4;5;4;4;5;4;5;5;4;5;4;4;4;5;3;1;1
2;221;1960;3;2;5;1;0;25;2;0;8;1;2;1;0;1;6;6;5;5;5;4;5;5;5;6;6;6;4;4;1;3;2;1;2;5;6;2;1;2;3;2;1;1;1;1;5;1;1;1;1;1;1;1;1;5;2;1;5;1;5;2;1;6;1;2;5;2;5;6;5;1;5;2;-1;1;6;6;2;5;7;1;3;1;4;7;1;2;4;6;1;6;6;3;5;1;1;1;1;5;5;2;3;3;1;1;2;4;1;5;2;2;4;2;6;5;2;1;6;6;3;6;6;5;5;5;5;5;4;5;2;1;1;1;3
2;225;1974;3;1;6;1;0;8;2;0;4;1;3;1;0;1;5;6;6;6;6;6;6;6;5;6;6;5;6;7;6;5;5;7;7;7;3;5;4;4;4;5;4;6;7;6;6;5;7;6;6;6;7;7;7;7;1;1;5;5;4;1;1;6;1;5;2;5;5;6;7;4;5;5;7;7;6;5;1;6;7;7;7;5;3;7;1;3;6;3;7;4;5;3;7;7;5;4;6;3;6;6;1;5;5;7;7;5;1;7;7;7;5;5;3;6;1;1;3;5;7;7;7;7;7;7;5;6;7;5;1;1;1;1;1
2;231;1957;3;0;5;1;0;22;2;1;8;1;30;2;0;1;5;6;6;6;6;5;6;6;6;6;6;5;5;6;6;6;5;4;3;5;6;6;5;6;5;6;4;5;5;6;6;4;4;5;5;5;5;4;4;6;6;4;6;4;6;4;3;6;4;3;2;2;4;5;4;3;3;2;6;2;5;3;1;1;7;5;6;1;4;6;2;2;2;5;4;5;2;2;3;4;4;5;2;2;6;5;2;2;5;4;4;2;2;1;5;6;6;2;5;7;1;2;2;7;7;7;7;6;6;7;6;6;6;7;1;1;1;1;1
1;114;1965;-1;-1;6;1;0;20;2;0;9;2;6;2;2;2;5;4;4;5;5;4;5;6;6;4;5;2;3;3;2;3;3;4;1;-1;4;2;2;3;2;5;3;4;4;5;2;3;3;2;1;2;2;6;5;5;5;4;5;3;3;5;5;6;6;4;6;4;5;5;4;4;6;5;5;3;5;2;4;6;4;5;5;4;4;2;4;6;6;3;6;3;3;2;4;5;6;6;4;5;6;6;5;4;3;6;5;3;3;6;4;6;4;3;5;6;4;6;3;5;6;4;5;4;5;4;5;5;4;4;2;2;2;2;1
1;3;1963;3;3;6;1;0;8;2;1;10;2;9;2;0;1;5;6;4;6;6;4;5;6;5;6;5;4;6;3;3;5;3;3;2;2;2;2;2;4;6;3;3;6;2;1;4;2;3;1;1;2;5;5;3;4;1;1;5;1;5;1;1;4;2;2;2;2;5;4;6;2;5;3;4;3;6;5;2;5;4;3;6;1;3;6;1;4;5;7;3;6;5;2;6;4;3;6;3;2;6;1;3;6;5;3;5;6;1;4;5;1;6;3;4;6;1;3;6;6;5;7;7;5;5;5;5;6;6;5;1;1;1;1;1
1;7;1985;3;0;3;1;0;0;1;0;15;2;4;1;0;1;3;3;2;4;2;4;3;3;2;3;3;3;4;5;5;4;4;3;3;5;3;4;5;4;3;4;5;3;4;4;3;4;5;4;3;4;4;6;4;6;2;3;4;6;4;2;2;5;2;2;2;4;7;5;7;3;3;3;7;2;5;2;5;6;5;4;6;5;5;5;6;6;5;5;4;6;3;4;5;6;5;4;4;3;4;6;5;5;5;4;5;3;6;7;5;1;3;2;5;4;7;7;6;5;5;7;7;5;5;5;2;4;5;5;1;1;1;1;1
1;9;1963;1;0;6;0;3;20;2;0;10;2;8;2;2;2;6;6;6;6;7;7;6;6;6;6;6;7;7;7;6;7;7;6;5;6;7;6;5;7;6;4;6;4;5;6;7;6;5;7;3;5;5;5;5;6;3;5;6;4;6;4;6;5;2;5;4;3;6;4;6;6;5;7;7;3;7;5;2;7;6;6;7;1;2;5;5;3;6;4;6;4;5;2;7;7;5;7;1;5;6;3;1;5;5;6;7;6;2;6;6;6;7;1;5;7;7;2;7;5;5;6;6;5;5;5;3;6;6;7;2;2;2;2;2
1;13;1976;3;0;5;0;0;3;1;0;13;2;4;1;1;2;6;3;6;6;4;4;6;5;6;5;5;5;5;7;3;2;6;6;2;4;5;6;3;3;6;6;6;7;7;2;7;6;6;5;7;4;7;6;7;7;4;3;5;6;6;3;3;1;7;6;3;5;5;6;6;3;5;6;5;4;6;5;5;5;2;7;6;6;6;4;5;4;2;5;6;2;6;5;6;3;6;5;7;5;6;6;6;2;2;6;6;6;7;6;3;5;7;4;6;7;5;6;2;6;5;6;6;6;7;7;5;4;5;6;4;7;6;4;5
1;14;1962;3;2;6;1;0;29;2;0;8;1;7;2;1;2;5;5;5;5;5;5;6;6;5;6;6;6;7;5;7;6;5;5;3;5;6;6;5;5;5;4;5;5;5;4;5;5;5;4;7;5;4;4;4;5;1;5;5;5;4;2;2;5;1;1;3;5;5;3;4;5;5;5;1;5;5;7;5;5;5;7;7;2;3;6;3;5;5;4;5;3;5;6;7;5;7;7;4;2;6;5;5;4;3;5;5;-1;5;6;5;5;7;1;4;5;2;6;3;5;5;7;7;6;6;6;5;5;5;5;6;6;4;4;4
1;15;1965;3;1;3;1;0;3;1;0;10;2;3;1;2;2;6;6;5;5;6;6;6;6;5;6;5;7;6;6;7;7;6;6;4;6;5;5;5;5;6;5;5;6;6;6;7;6;6;7;5;5;6;6;5;5;3;5;5;5;3;4;3;5;1;6;5;5;6;4;3;5;6;6;1;4;6;6;5;7;6;3;7;1;6;6;2;4;3;1;5;4;4;6;7;6;2;7;3;4;6;2;4;2;2;5;4;5;5;6;6;5;7;1;4;6;1;6;3;5;5;6;7;5;5;5;5;6;5;6;2;2;2;2;2
1;18;1991;1;0;4;1;0;0;1;1;8;1;5;2;0;1;5;5;6;5;6;4;5;6;5;6;5;4;5;6;5;6;4;6;5;5;6;5;6;6;6;5;4;5;6;5;5;5;6;7;5;6;5;6;5;6;5;6;5;6;7;4;5;6;4;5;6;5;6;4;6;6;6;4;6;6;5;6;4;5;6;4;6;5;4;2;7;4;6;4;5;3;6;3;5;6;6;5;6;4;4;5;6;5;5;5;6;7;4;6;5;3;2;6;2;5;7;5;6;6;7;7;5;7;7;6;5;6;5;6;5;4;5;6;5
1;19;1968;1;0;3;0;2;10;2;0;12;2;8;2;0;1;6;6;7;5;6;6;7;6;6;6;7;5;6;4;4;4;5;4;4;5;5;3;5;4;5;4;4;4;4;3;3;4;3;4;3;5;6;5;4;5;2;6;5;5;5;4;6;7;4;4;2;4;6;7;7;5;4;3;5;5;7;5;3;7;4;5;5;6;3;4;5;2;5;2;7;4;6;3;7;5;6;6;5;2;6;5;2;6;5;7;7;5;2;6;3;6;4;5;3;6;7;3;5;5;6;6;7;5;7;7;5;6;7;7;3;3;2;2;1
1;22;1976;3;2;3;1;0;5;2;0;12;2;5;2;0;1;5;4;6;6;6;4;6;5;6;5;6;5;6;5;5;6;5;6;5;6;5;6;5;6;5;5;5;6;7;7;6;5;5;6;6;6;6;6;5;4;5;5;5;6;5;6;7;6;5;5;6;6;6;5;6;5;5;7;7;6;5;6;5;6;5;6;6;5;6;3;6;5;5;6;7;2;7;5;6;6;6;5;6;7;5;6;5;5;6;7;5;6;6;5;6;6;5;5;7;6;6;5;2;5;6;5;6;5;5;6;5;6;6;5;5;6;7;6;4
1;24;1962;3;2;4;0;2;15;2;0;8;1;10;2;0;1;4;5;6;5;5;4;5;5;4;5;6;4;5;6;5;5;6;5;6;5;6;5;4;4;4;5;7;6;6;7;5;5;4;6;5;6;5;6;4;5;5;5;5;6;5;6;5;6;5;6;5;4;5;6;4;5;6;4;6;5;6;5;6;5;2;5;6;5;1;5;7;6;5;4;7;2;6;5;6;6;5;6;5;6;4;4;6;5;6;7;7;6;5;5;6;5;6;5;6;5;1;6;5;5;6;5;6;5;6;5;6;5;6;5;5;6;5;6;5
1;25;1958;3;3;4;0;2;22;2;0;6;1;24;2;2;2;6;6;7;6;6;5;7;7;6;6;7;3;3;1;1;4;4;5;5;6;5;3;2;6;6;3;2;2;2;3;1;5;3;2;2;3;3;2;2;5;1;1;5;2;5;2;3;7;1;1;1;1;7;7;7;1;5;1;5;4;6;6;1;7;7;5;6;4;4;6;2;3;6;4;4;6;4;1;7;4;7;7;4;4;7;5;3;6;6;4;6;6;1;6;2;4;7;1;1;7;1;1;7;6;7;6;7;6;7;7;7;7;6;6;2;2;1;1;1
1;26;1952;2;4;4;0;2;15;2;0;8;1;15;2;0;1;6;6;7;7;7;5;6;6;7;6;6;4;4;1;1;2;4;4;1;5;5;2;2;2;3;3;2;3;2;4;4;5;5;3;2;5;3;3;2;5;1;2;5;3;5;3;3;6;2;2;2;2;6;6;5;3;3;2;4;5;5;5;1;6;5;5;6;4;4;6;1;3;6;4;5;5;4;1;7;5;5;6;3;3;6;5;2;6;5;5;7;7;2;4;5;5;6;3;3;6;1;2;6;6;6;7;7;6;7;7;5;6;6;7;2;2;1;1;1
1;29;1959;3;1;3;1;0;12;2;0;9;2;0;1;2;2;3;4;2;4;3;4;4;4;4;4;4;4;5;4;5;5;4;3;4;4;4;4;4;5;3;3;4;4;3;3;3;3;4;4;3;3;6;6;4;4;4;4;4;4;4;4;4;4;4;4;4;4;4;4;4;4;4;4;5;4;5;4;5;6;4;4;4;5;3;5;5;4;5;5;5;3;5;4;5;5;5;5;5;5;5;5;3;5;5;5;5;5;5;5;5;5;3;5;4;5;3;4;5;4;5;5;5;3;3;4;3;3;3;3;7;7;7;7;7
1;30;1951;3;0;6;1;0;33;2;0;8;1;5;2;0;1;5;5;4;5;5;6;5;6;5;6;6;5;5;6;4;5;4;5;3;6;5;6;4;5;6;4;4;6;6;5;3;5;4;4;4;5;4;5;5;5;3;4;5;4;6;3;3;5;3;3;3;4;5;5;6;3;5;4;5;5;5;5;2;5;5;5;6;3;4;5;2;3;6;5;6;5;5;2;5;5;6;4;3;4;6;3;2;6;6;6;5;5;3;5;5;5;5;2;5;6;1;3;3;6;6;6;6;6;6;6;5;5;5;5;3;3;3;3;3
1;31;1978;1;0;6;0;1;0;1;1;10;2;5;2;0;1;3;5;4;4;4;4;4;6;5;6;6;7;6;5;4;5;3;2;3;6;2;3;2;2;2;6;6;4;5;3;6;4;5;5;5;3;5;5;3;6;1;1;4;1;5;1;3;4;1;1;1;3;7;5;7;3;3;4;5;6;7;5;-1;7;5;6;5;2;3;7;1;1;5;5;6;7;7;-1;7;7;5;7;4;4;5;2;1;7;7;6;5;7;1;6;5;5;7;4;3;6;4;3;5;7;7;5;5;6;7;7;5;6;6;5;1;1;1;1;1
1;32;1955;3;1;2;1;0;30;2;1;12;2;10;2;1;2;5;5;5;5;5;5;6;7;7;6;6;7;1;3;1;1;1;1;1;1;5;1;1;1;7;7;4;1;1;2;7;7;3;5;5;4;4;1;1;7;4;1;7;1;7;5;3;1;7;5;5;2;7;7;7;4;5;5;7;5;7;7;1;5;3;3;5;7;1;1;7;5;5;7;7;7;7;1;7;3;5;5;5;5;5;4;5;7;7;7;7;7;3;7;3;4;4;4;4;4;3;4;5;7;7;7;7;7;7;7;4;7;7;7;4;1;1;1;1
1;33;1975;2;1;6;1;0;10;2;1;7;1;6;2;0;1;6;5;6;6;6;6;6;6;6;6;6;6;6;5;3;6;6;4;2;2;2;4;3;4;3;3;3;3;5;6;5;3;3;2;2;2;4;4;4;4;2;2;4;4;3;3;2;3;2;3;3;2;3;3;3;3;5;2;2;5;5;5;2;5;6;6;6;2;5;6;1;2;5;2;5;5;4;4;4;2;5;4;2;3;5;2;3;5;4;5;4;5;2;4;4;5;2;3;4;5;3;4;5;4;5;5;2;6;4;4;5;4;4;4;1;1;1;1;1
1;34;1952;3;1;6;0;2;35;2;1;6;1;5;2;0;1;5;6;4;5;4;5;4;5;5;4;5;6;5;1;1;2;4;4;1;5;6;3;1;1;4;5;1;1;3;5;3;3;4;1;1;1;1;2;1;6;1;1;6;1;6;1;1;7;1;1;1;1;6;6;6;1;6;1;7;7;6;7;1;6;2;7;6;3;3;7;2;2;6;7;5;6;6;2;6;3;7;3;2;2;6;1;2;4;6;5;6;6;1;6;2;5;7;2;1;5;1;2;6;5;5;6;6;6;6;6;4;4;4;4;6;2;2;2;2
1;35;1963;3;1;6;1;0;12;2;0;8;1;5;2;0;1;5;5;4;5;4;5;4;5;5;4;5;6;5;1;1;2;4;4;1;5;6;3;1;1;3;5;2;2;3;5;3;3;4;1;1;1;1;2;1;6;1;2;6;2;5;1;1;6;1;1;1;1;6;7;6;2;6;2;6;7;6;7;1;6;3;7;2;2;2;7;6;3;6;2;5;6;6;3;6;3;7;2;2;2;6;1;2;4;6;5;6;6;1;6;2;5;7;2;1;5;1;2;7;5;6;6;5;6;6;6;4;4;4;4;6;2;2;2;2
1;38;1958;3;2;6;0;4;15;2;0;12;2;25;2;1;2;5;5;5;5;6;5;6;6;7;7;7;4;5;4;4;5;4;3;3;6;2;3;3;1;6;5;5;4;4;2;6;6;5;5;2;2;2;2;2;6;2;2;6;1;7;2;1;6;1;3;2;2;6;5;7;5;5;2;6;5;7;7;1;5;6;7;6;2;2;7;1;2;7;6;6;6;6;4;6;2;6;5;1;2;5;1;2;5;6;6;1;7;1;6;2;6;7;2;2;4;3;1;6;6;7;3;3;7;5;5;5;6;6;6;2;1;1;1;1
1;39;1981;1;0;5;1;0;3;1;0;9;2;3;1;1;2;5;4;4;4;6;5;5;5;5;6;4;7;6;6;4;5;4;4;2;4;6;3;3;2;4;3;2;4;2;1;3;4;5;2;1;3;1;3;2;6;1;1;6;1;6;1;1;7;1;1;1;2;6;4;3;5;3;5;6;7;5;4;1;7;6;5;3;5;3;6;1;2;6;7;5;6;5;2;6;5;4;2;5;3;6;3;2;5;6;5;5;5;2;5;5;-1;2;5;2;6;2;4;5;5;7;7;7;5;6;5;1;2;3;3;1;5;1;1;1
1;43;1968;2;1;6;0;-1;15;2;0;9;2;50;2;3;2;6;7;6;6;6;6;5;6;5;6;6;3;4;7;2;7;7;3;5;5;2;4;4;1;3;7;4;3;6;6;7;6;7;7;6;3;4;3;2;5;1;1;6;6;5;2;2;6;2;2;2;4;4;4;6;1;5;2;1;5;6;5;6;5;2;6;6;3;3;6;1;2;6;2;5;6;6;6;7;2;2;7;1;1;4;4;3;6;1;5;5;6;5;6;1;5;6;3;3;4;6;1;7;6;6;7;6;2;4;4;6;6;6;6;2;2;1;1;1
1;44;1958;3;2;3;1;0;28;2;0;14;2;6;2;1;2;5;5;5;5;6;6;5;6;5;6;6;4;6;5;5;5;3;3;3;5;6;6;4;3;4;6;3;4;5;2;4;4;3;4;2;4;3;4;2;6;1;2;5;2;4;2;1;6;1;3;1;2;5;5;6;2;5;1;6;6;6;4;1;6;6;6;5;5;5;4;1;2;5;7;4;5;5;2;6;6;4;5;5;3;5;3;2;4;5;4;6;5;1;5;5;5;3;5;6;3;4;2;5;6;6;3;5;7;7;7;4;5;4;5;1;2;2;1;1
1;45;1933;3;3;3;1;0;2;1;0;8;1;10;2;80;2;3;5;5;6;5;4;4;6;6;5;5;5;6;3;5;5;4;4;5;5;2;3;4;1;1;3;5;4;4;3;6;6;5;3;2;2;6;5;5;6;1;6;4;6;6;2;2;5;2;3;1;4;5;4;5;2;4;2;5;5;4;6;2;5;2;7;5;3;4;6;1;2;3;4;5;5;5;2;6;2;2;5;2;2;5;4;4;2;3;5;5;6;1;5;1;5;5;4;2;4;2;2;4;5;6;3;3;5;5;5;6;6;4;5;6;6;6;5;5
1;47;1969;2;0;6;1;0;15;2;1;10;2;35;2;3;2;3;3;2;1;1;1;2;2;2;2;4;2;3;2;2;3;3;3;2;3;2;4;1;1;5;5;2;2;4;1;4;4;2;2;5;2;7;6;6;4;1;3;4;7;4;2;1;2;6;4;1;2;4;4;3;1;3;1;3;6;5;5;3;4;7;1;5;3;4;7;2;1;5;3;4;3;4;4;5;5;2;4;1;2;4;4;3;4;2;4;5;3;4;6;5;2;6;2;2;6;4;3;7;5;6;6;6;4;5;5;5;6;5;6;4;4;1;1;1
1;49;1967;3;3;3;1;0;16;2;0;6;1;4;1;2;2;4;5;4;5;4;5;4;5;6;7;4;7;3;3;3;4;1;4;1;6;4;6;2;4;2;2;2;3;2;2;2;4;1;1;1;2;3;6;3;5;2;2;5;3;4;2;2;5;3;2;2;2;4;4;6;3;5;2;-1;5;4;4;3;6;4;3;5;3;3;5;3;3;6;5;5;2;5;3;5;2;4;6;1;2;6;4;2;6;5;5;6;5;2;7;4;4;6;2;3;6;2;2;6;5;4;4;4;6;6;6;4;6;6;6;1;1;1;1;1
1;51;1980;1;0;6;1;0;6;2;0;15;2;10;2;1;2;6;6;5;5;6;6;6;6;6;6;7;5;3;2;1;6;6;4;1;7;2;2;1;1;4;7;1;1;1;1;6;7;2;2;1;1;1;2;2;5;1;1;7;1;7;1;1;6;1;2;1;2;7;7;7;2;6;2;7;6;7;6;1;7;2;7;6;2;4;7;1;2;6;6;6;7;6;2;6;1;4;5;3;3;6;2;2;6;6;6;6;6;1;6;1;6;7;1;1;7;1;1;7;6;-1;6;6;7;7;7;6;6;6;5;1;1;1;1;1
1;52;1956;3;0;3;1;0;36;2;1;11;2;49;2;1;2;5;4;4;4;4;4;4;4;4;4;4;6;6;6;6;6;7;6;6;7;6;6;6;6;6;6;6;6;6;7;5;6;6;5;5;6;4;4;4;4;3;6;5;5;3;4;4;4;4;6;4;5;4;6;4;5;4;4;-1;3;5;4;6;6;6;5;4;4;4;3;5;5;6;2;5;5;4;4;5;6;6;5;5;4;4;5;6;6;7;5;6;6;5;6;6;5;5;3;5;4;4;6;6;6;5;5;5;7;7;7;4;4;5;5;1;1;1;1;1
1;54;1978;3;0;3;1;0;14;2;1;16;2;10;2;4;2;5;6;5;7;5;5;6;7;6;7;7;7;7;6;5;5;5;6;6;7;7;7;5;3;6;7;6;6;5;6;4;5;5;5;5;5;3;6;3;5;2;2;5;3;4;2;2;5;3;3;2;2;4;4;6;3;5;2;6;5;4;4;3;6;4;3;5;3;5;5;3;3;6;5;6;5;6;2;7;5;3;5;2;4;6;2;2;4;6;6;5;5;2;7;3;3;7;2;7;7;1;2;6;6;7;7;7;6;7;7;6;7;7;7;1;1;1;1;1
1;55;1955;3;1;3;0;1;30;2;0;8;1;1;1;0;1;6;6;1;1;6;6;4;4;5;5;1;7;7;7;4;1;1;7;7;7;7;1;7;7;5;4;1;2;5;5;7;5;6;1;7;1;1;1;1;7;1;1;7;1;7;1;1;7;1;1;1;1;5;7;7;1;6;1;7;3;6;2;1;7;7;2;7;4;7;7;3;6;6;2;1;7;3;1;7;1;1;4;1;1;7;1;5;6;1;1;7;4;1;7;4;1;5;1;7;7;3;7;5;7;6;7;7;7;6;6;7;6;5;7;1;1;1;1;1
1;56;1973;3;2;5;0;1;6;2;0;12;2;4;1;2;2;4;6;5;6;3;3;6;6;6;6;5;5;5;5;2;6;5;6;4;6;6;5;5;4;6;6;4;4;5;2;5;6;6;4;4;4;6;6;7;6;4;5;5;5;6;4;5;5;3;3;6;5;5;6;6;5;6;3;3;5;5;6;5;6;6;3;5;4;6;4;-1;4;5;2;4;5;6;4;5;6;5;4;3;6;4;2;3;6;6;4;6;6;4;5;6;5;6;4;2;5;2;2;4;2;4;6;6;2;4;5;4;3;4;5;6;6;6;5;5
1;57;1971;3;3;3;1;0;9;2;0;10;2;4;1;0;1;4;4;4;4;4;4;5;4;5;5;4;6;6;6;5;6;6;7;5;7;6;5;4;2;6;6;3;3;5;4;6;5;4;5;5;5;5;5;3;5;1;2;6;3;6;2;1;6;1;5;1;2;6;4;7;1;6;3;5;7;6;6;1;7;6;7;6;6;5;6;1;1;6;5;6;7;4;1;6;5;3;6;6;1;6;2;2;5;5;6;6;5;1;6;6;5;3;5;5;6;2;2;6;4;6;6;3;6;4;4;3;6;5;6;3;2;1;1;1
1;67;1959;3;2;6;1;0;30;2;1;9;2;31;2;2;2;4;6;3;6;3;5;3;6;6;6;4;3;7;5;3;5;5;5;2;7;5;5;7;5;5;5;6;7;6;1;3;2;2;2;1;6;4;2;2;5;2;2;6;4;4;2;3;5;2;3;2;6;5;5;4;3;6;2;-1;5;6;4;2;6;6;6;4;3;4;6;2;4;6;7;5;6;4;2;5;4;6;4;2;4;6;4;2;4;6;5;6;6;2;5;4;5;5;3;1;6;1;2;4;4;4;2;3;4;5;5;3;4;4;4;4;4;6;3;3
1;68;1962;3;1;4;0;5;30;2;0;8;1;10;2;1;2;5;3;3;5;3;5;3;3;5;3;3;5;6;6;6;6;6;5;5;5;5;7;5;3;5;5;7;5;5;5;3;3;3;5;3;5;5;5;3;5;3;3;4;5;5;3;3;5;3;3;2;3;5;5;5;3;5;3;5;5;5;3;3;5;5;5;5;5;3;5;3;5;5;5;5;3;5;3;5;5;5;3;5;5;5;3;5;3;5;5;5;5;3;5;5;5;3;6;3;3;3;5;3;3;-1;5;3;5;5;5;3;3;3;3;3;3;3;3;3
1;69;1971;2;1;6;1;0;1;1;0;9;2;5;2;1;2;5;5;5;5;3;4;4;4;6;6;5;5;5;4;1;4;6;5;7;7;6;5;3;4;5;3;4;5;6;4;7;5;3;5;4;7;3;5;4;5;6;4;5;3;5;4;3;5;4;5;6;5;6;5;4;5;6;7;5;3;6;1;5;3;4;3;6;5;3;5;4;3;5;1;4;4;5;6;4;7;5;3;4;6;5;3;3;6;3;4;5;7;5;2;7;5;4;2;4;5;4;2;4;5;6;3;5;2;6;4;2;3;5;7;2;4;3;4;6
1;72;1965;3;2;6;1;0;12;2;0;11;2;5;2;2;2;5;4;5;5;4;3;4;4;4;4;4;1;4;7;4;7;6;5;4;6;1;4;4;3;6;7;4;6;6;6;7;6;6;6;6;4;7;7;6;4;1;3;4;5;2;2;3;1;3;2;1;2;4;6;6;4;4;1;2;5;5;4;3;4;6;6;5;4;6;4;1;3;4;5;4;4;4;4;3;6;5;6;2;6;4;3;4;1;2;4;6;4;5;4;6;6;6;4;6;5;3;4;3;6;6;4;6;6;5;6;7;7;4;7;1;1;1;1;1
1;74;1971;1;0;5;0;-1;15;2;0;8;1;250;2;-1;-1;7;7;6;7;7;6;6;6;6;6;6;6;5;2;3;6;6;5;4;6;6;4;4;2;5;6;3;4;6;1;2;4;3;1;4;6;5;2;2;7;2;2;6;3;6;2;2;6;2;3;1;2;6;6;7;5;5;1;6;3;6;6;2;4;7;6;6;2;3;6;1;1;7;3;6;6;6;2;6;5;6;6;4;4;7;5;2;6;6;6;6;6;1;6;6;5;5;2;2;7;1;2;6;6;5;5;5;6;6;6;6;6;6;6;2;1;1;1;1
1;75;1951;3;0;4;1;0;30;2;0;10;2;90;2;0;1;5;5;5;5;5;6;6;6;6;6;6;5;4;5;6;5;4;5;6;5;5;5;5;5;5;4;5;5;5;4;6;5;6;6;5;5;4;4;5;4;3;4;3;3;4;5;4;3;4;4;3;5;5;4;4;3;4;5;6;2;3;4;5;6;2;5;6;5;3;1;2;4;5;6;4;2;5;3;6;4;4;5;3;3;4;3;4;5;6;4;5;4;5;6;6;5;5;4;4;4;2;4;3;6;6;6;7;5;4;5;4;5;4;5;3;4;3;5;5
1;76;1960;3;3;3;0;3;28;2;0;14;2;3;1;0;1;4;5;5;5;5;5;4;5;5;4;5;6;7;5;5;6;7;6;4;6;4;4;7;4;4;-1;6;6;5;5;4;6;4;5;4;4;2;4;3;5;1;1;7;1;5;3;5;7;6;2;1;6;7;7;-1;5;6;1;-1;-1;-1;-1;-1;-1;-1;-1;-1;-1;-1;-1;-1;-1;-1;-1;-1;-1;-1;-1;-1;-1;-1;-1;-1;-1;-1;-1;-1;-1;-1;-1;-1;-1;-1;5;6;6;4;1;6;7;1;-1;-1;7;7;7;7;7;7;7;6;6;6;6;1;1;1;1;1
1;80;1969;3;2;5;1;-1;12;2;1;11;2;6;2;3;2;5;6;5;6;5;5;5;6;5;6;5;3;4;6;5;6;5;5;5;5;3;2;3;5;2;3;4;6;4;1;3;3;3;1;1;2;4;3;2;5;4;1;7;3;4;4;1;4;1;4;2;1;6;5;7;2;6;2;4;4;6;6;1;7;1;7;5;1;2;6;2;1;2;6;5;6;6;1;6;2;4;5;5;6;5;1;2;4;4;5;6;6;1;6;2;5;6;2;2;6;2;2;2;5;5;6;5;5;5;5;4;4;5;5;2;2;1;1;1
1;81;1965;3;3;3;1;-1;11;2;0;8;1;2;1;0;1;5;5;6;6;6;6;5;6;5;5;6;7;1;1;1;1;1;1;1;5;6;1;1;1;2;1;1;1;1;1;1;1;1;1;2;2;1;1;1;4;1;1;6;1;6;1;1;7;1;1;1;1;4;6;6;1;5;1;6;7;7;6;1;6;6;7;6;1;1;7;1;1;7;7;6;7;3;1;7;2;6;6;1;1;6;1;2;7;6;6;6;6;1;6;2;4;7;1;2;7;1;3;7;6;6;6;6;7;6;6;7;7;6;6;1;1;1;1;1
1;83;1958;3;2;3;1;-1;5;2;0;2;1;0;1;0;1;-1;-1;4;4;-1;4;4;4;4;4;4;7;1;3;3;3;2;2;2;2;3;2;2;6;-1;2;2;2;6;2;6;2;6;2;7;7;2;2;3;7;7;7;7;7;-1;4;3;1;1;1;7;1;7;7;7;1;1;3;2;4;6;7;1;1;1;4;1;1;3;1;1;5;6;3;7;2;7;1;7;4;7;3;3;4;7;4;7;7;1;7;6;6;1;7;5;7;2;3;7;7;3;7;6;7;7;7;7;7;6;7;5;6;5;2;1;1;1;1;7
1;84;1955;3;-1;4;1;-1;20;2;1;12;2;9;2;-1;-1;4;3;2;2;1;2;2;3;2;3;2;6;6;6;7;7;7;6;7;7;7;6;7;6;6;7;7;7;7;7;7;6;7;6;6;5;7;7;6;6;4;6;4;7;6;6;6;6;5;7;7;6;4;4;6;7;6;4;1;4;5;2;5;5;6;6;6;5;5;5;6;5;5;2;5;3;3;5;4;6;6;5;5;4;6;6;4;5;6;5;7;6;5;4;5;5;5;3;5;6;6;7;7;5;5;6;6;5;5;5;5;6;6;5;5;-1;2;4;5
1;87;1969;3;2;4;1;-1;35;2;0;10;2;7;2;-1;-1;4;4;3;4;3;3;4;4;3;3;3;4;5;3;4;4;2;2;2;2;3;3;2;1;2;4;2;1;1;1;4;3;2;3;3;1;2;2;2;4;1;1;4;1;5;2;4;4;1;1;1;1;5;5;5;2;2;1;6;4;4;6;2;6;2;6;5;3;7;7;1;1;6;4;5;4;3;2;6;2;4;5;4;7;5;3;4;7;6;5;4;6;2;4;2;2;7;2;2;4;1;2;7;2;5;6;6;7;6;6;4;6;5;5;1;1;1;1;1
1;89;1946;3;0;4;0;2;15;2;0;7;1;6;2;2;2;6;6;6;7;6;7;7;7;6;6;7;6;6;2;5;5;3;6;5;6;6;5;6;5;5;5;-1;6;6;6;6;5;7;6;6;6;5;5;4;5;5;5;5;5;5;5;5;5;5;5;5;5;5;5;5;5;5;5;5;3;5;3;5;5;5;5;5;5;3;5;5;5;5;3;5;5;5;5;5;5;7;6;5;5;5;5;5;5;5;5;5;5;5;5;5;5;3;5;5;5;3;5;3;6;6;5;5;5;5;5;4;4;4;4;1;1;1;1;1
1;90;1965;2;0;4;1;-1;4;2;1;4;1;4;1;0;1;6;7;6;7;6;7;6;6;7;6;7;4;6;6;6;5;5;6;7;7;5;6;5;4;1;5;5;6;7;6;7;5;6;7;7;7;7;7;6;7;1;1;5;5;5;2;1;-1;6;5;1;5;5;7;7;5;5;2;7;4;6;2;2;6;5;6;6;5;3;7;1;4;7;5;5;4;4;3;6;7;7;5;5;6;7;2;2;7;5;5;7;5;1;7;7;7;4;6;4;5;1;1;3;5;6;7;6;5;6;5;5;5;5;5;1;1;1;1;1
1;91;1970;1;3;3;1;-1;10;2;0;8;1;5;2;2;2;5;7;6;7;6;6;6;6;7;5;7;5;6;7;7;6;6;6;6;7;5;6;5;3;1;5;5;7;7;7;7;4;5;5;6;6;7;7;6;6;1;1;5;5;5;3;1;7;1;5;3;5;4;6;6;5;5;4;7;6;6;2;1;6;7;7;6;6;3;7;1;2;6;5;5;7;5;3;6;6;5;4;5;2;6;2;2;7;5;5;7;5;1;7;7;7;6;5;2;7;1;1;5;3;7;7;7;5;5;7;5;5;5;4;1;1;1;1;1
1;92;1969;1;4;-1;1;0;10;2;0;5;1;4;1;0;1;4;6;5;5;7;6;5;7;6;4;5;5;4;6;5;4;5;5;5;4;6;4;3;2;1;5;7;6;6;5;3;4;5;5;5;7;6;7;5;6;2;1;6;4;7;4;1;7;1;4;3;7;5;7;7;6;4;3;7;5;7;1;1;6;7;7;5;7;4;6;1;1;7;3;5;6;5;4;7;5;4;5;7;6;7;2;1;6;4;5;7;4;1;7;6;7;7;-1;6;2;1;2;4;2;6;7;6;5;3;7;6;5;4;3;1;1;2;1;1
1;93;1954;3;0;4;0;1;15;2;0;8;1;4;1;0;1;6;7;7;7;7;5;7;6;6;6;6;5;6;6;6;4;5;5;4;7;6;5;5;6;6;6;5;6;5;6;5;5;4;4;2;2;2;2;6;5;1;1;5;5;5;1;1;6;1;1;1;1;6;5;6;5;5;4;6;3;5;3;1;5;3;5;5;3;3;7;1;1;5;5;4;6;5;1;7;6;6;5;2;6;6;5;2;6;5;4;4;3;1;5;4;5;7;1;6;5;3;2;4;6;6;6;6;6;6;7;5;5;5;5;1;1;1;1;1
1;95;1973;3;1;5;1;0;6;2;0;8;1;0;1;1;2;6;5;5;5;5;5;5;6;6;6;5;5;6;4;5;5;6;5;5;6;4;4;6;1;1;6;5;5;5;6;5;5;6;7;7;6;6;7;6;6;5;1;6;5;6;6;5;5;4;2;5;5;5;7;7;5;4;4;7;5;7;2;1;5;1;5;5;5;2;7;1;6;6;6;5;5;5;2;5;3;5;6;5;6;7;3;5;5;6;5;6;5;4;6;2;7;3;6;3;5;3;6;3;4;7;7;6;5;6;4;5;5;6;4;2;2;2;2;2
1;97;1959;2;1;6;0;2;25;2;0;10;2;2;1;0;1;4;5;5;5;4;3;4;5;4;5;5;6;6;5;5;5;5;6;6;6;6;6;4;6;6;5;4;5;4;5;2;6;5;3;6;4;2;3;2;4;1;2;6;1;4;1;4;2;2;6;1;1;6;6;6;1;6;1;6;6;6;2;2;6;5;5;6;2;2;6;6;2;6;6;6;6;2;2;3;6;6;6;2;6;6;6;2;6;6;6;6;2;2;5;5;6;2;2;6;6;6;2;2;6;6;5;4;4;4;3;2;2;3;3;4;4;4;4;4
1;99;1954;3;2;4;1;0;3;1;0;3;1;0;1;3;2;6;6;7;7;7;7;7;6;6;6;7;7;7;7;7;7;6;6;6;7;6;6;7;5;6;7;6;6;6;6;6;6;7;6;5;6;7;6;6;6;4;6;6;7;-1;6;6;5;4;7;1;7;3;7;7;7;6;4;4;6;6;2;2;4;4;4;4;6;4;5;3;6;6;6;6;4;4;1;5;4;6;4;5;1;6;5;5;6;6;6;6;6;2;5;5;5;2;3;6;6;1;7;6;6;6;7;7;7;7;5;5;6;6;5;3;2;2;1;1
1;101;1956;3;0;5;1;0;25;2;0;14;2;6;2;0;1;3;5;6;3;2;7;3;5;3;6;4;6;5;6;3;2;4;6;6;7;4;6;6;4;7;4;2;2;6;6;6;7;7;3;2;2;2;3;5;4;2;4;6;3;6;5;2;3;4;4;2;5;4;3;5;5;4;5;-1;3;4;5;6;6;5;6;5;5;4;2;2;6;6;6;5;3;4;6;2;6;6;2;6;5;2;3;4;6;3;5;4;1;6;6;6;4;6;4;5;3;1;6;5;3;2;5;3;6;5;5;3;5;5;5;5;3;3;5;4
1;103;1979;1;0;4;1;0;5;2;0;8;1;1;1;3;2;2;5;5;6;2;5;5;6;6;6;6;7;7;7;7;7;4;4;5;5;5;5;7;7;6;6;6;6;4;7;4;4;4;4;4;4;1;2;1;1;2;2;1;1;3;2;2;7;1;1;1;1;1;1;1;4;3;1;5;3;7;5;7;6;4;7;5;1;7;1;3;4;5;5;3;5;3;4;4;4;3;4;2;2;4;3;4;2;3;3;4;4;6;7;3;2;7;2;2;7;1;2;6;7;7;7;7;7;6;6;7;7;7;7;1;1;1;1;1
1;104;1946;3;6;2;0;3;35;2;0;14;2;1;1;3;2;3;3;3;5;3;5;3;5;3;5;4;6;7;7;7;7;6;6;7;7;7;7;7;7;7;7;7;7;7;7;7;7;7;7;7;2;7;7;7;7;7;3;6;6;6;6;2;2;2;5;2;2;2;5;5;5;5;2;6;2;6;5;6;7;5;2;7;-1;7;7;1;1;6;6;7;6;6;7;7;-1;2;2;2;2;7;1;1;7;7;7;7;7;7;7;2;2;6;1;2;5;3;1;6;6;6;7;7;7;7;7;7;7;6;6;2;2;2;2;2
1;105;1974;1;0;7;1;0;10;2;0;6;1;0;1;1;2;5;5;5;5;6;5;5;5;4;4;4;6;6;6;6;6;7;7;6;7;1;4;1;1;7;7;6;6;6;7;7;7;6;6;6;1;1;6;6;4;4;6;5;1;4;4;4;4;4;4;1;4;4;4;6;1;4;4;7;1;7;7;4;7;7;4;7;1;4;4;1;1;7;4;4;7;7;3;5;4;2;4;4;4;4;1;2;4;4;4;6;6;1;6;4;4;1;4;4;6;4;4;6;6;6;6;6;5;5;5;5;5;5;5;4;4;4;4;4
1;108;1972;3;2;4;1;0;6;2;0;11;2;4;1;0;1;6;6;6;5;5;5;5;5;5;5;5;6;5;4;4;5;2;2;2;6;3;3;3;1;5;5;5;4;3;1;1;4;4;1;1;1;1;1;3;6;1;1;6;3;5;1;1;4;1;1;1;3;6;5;5;1;5;1;5;7;5;7;1;6;1;7;6;1;1;7;1;4;4;4;5;7;5;2;6;1;5;5;3;3;6;3;3;7;5;5;5;5;1;6;2;5;6;2;2;5;3;3;6;6;6;6;6;6;6;6;4;5;4;5;1;3;3;3;3
1;109;1972;3;2;5;1;0;12;2;0;10;2;20;2;1;2;3;6;3;6;3;5;3;4;4;6;4;4;7;6;6;6;6;7;4;6;6;6;6;3;6;6;6;6;6;5;6;6;6;5;6;4;6;6;4;4;4;3;3;6;4;4;5;3;3;4;3;3;3;3;6;5;3;5;3;2;4;7;4;7;7;4;6;2;2;5;3;6;6;3;3;4;6;3;6;6;2;4;1;2;4;3;5;1;3;3;6;3;2;6;5;2;3;2;3;4;4;6;2;2;4;4;2;3;5;5;2;4;3;4;5;5;3;3;3
1;111;1959;3;2;5;1;0;13;2;0;12;2;4;1;1;2;5;5;4;5;5;6;6;6;5;5;6;4;4;5;4;4;3;3;4;4;4;5;4;4;6;6;4;4;4;3;5;5;5;3;4;2;4;5;4;5;3;3;5;3;5;3;3;6;2;3;3;3;5;4;6;3;3;3;6;4;6;4;2;6;4;3;7;3;4;5;3;3;6;4;4;5;4;2;6;4;3;6;4;4;6;2;2;6;6;4;4;5;3;4;3;3;5;2;4;4;3;3;4;6;6;6;6;6;6;6;4;4;4;5;1;2;1;1;1
1;112;1955;3;1;5;1;0;1;1;0;12;2;5;2;3;2;4;4;4;4;4;5;4;5;5;5;5;6;6;5;4;4;6;6;6;6;6;5;4;4;6;6;4;6;6;4;5;7;6;5;6;4;6;6;5;6;3;1;6;1;4;1;1;6;1;3;1;1;7;7;7;2;7;1;6;6;6;6;2;7;7;7;7;6;2;5;1;1;5;7;6;7;6;2;6;6;4;5;6;3;6;1;2;6;5;6;6;6;1;7;6;7;7;6;5;5;2;2;7;7;7;7;7;7;6;7;4;7;6;6;1;1;1;1;1
1;113;1980;2;1;6;1;0;5;2;0;9;2;20;2;1;2;5;5;5;5;4;4;5;5;4;4;5;1;2;2;2;5;3;4;1;5;1;2;2;2;3;6;2;2;3;5;1;4;2;1;1;1;2;6;5;5;4;5;6;4;4;5;6;4;5;5;4;5;5;6;6;4;6;5;4;2;6;3;6;4;4;3;5;6;4;2;5;6;5;4;6;3;6;6;5;4;4;5;4;5;5;6;4;5;6;6;5;4;5;5;4;6;4;4;5;6;6;5;4;6;5;5;4;3;4;5;4;4;5;4;3;2;3;2;2
1;117;1972;3;2;5;0;1;5;2;0;12;2;4;1;0;1;4;4;3;4;5;4;5;5;4;4;4;6;6;5;6;5;4;5;4;5;3;4;4;2;2;2;4;5;4;3;6;3;3;2;4;4;2;2;2;5;2;2;5;2;5;3;2;6;1;3;2;5;2;4;6;3;6;1;7;7;6;5;1;6;3;5;7;4;5;6;1;1;6;4;1;4;6;2;5;4;2;6;2;4;6;1;2;5;5;1;7;7;1;6;4;4;7;2;1;7;2;2;6;6;6;6;4;5;4;5;4;5;3;5;3;6;6;6;6
1;118;1955;3;2;6;1;0;28;2;0;13;2;6;2;2;2;3;6;3;5;6;4;3;4;4;6;5;7;4;5;5;5;2;4;5;5;5;4;3;1;5;5;3;3;4;5;6;6;3;6;5;1;5;6;4;5;1;1;4;5;5;2;2;3;3;3;1;1;3;3;5;3;3;1;3;4;3;5;6;3;6;6;5;4;4;5;5;4;5;4;5;2;3;5;4;2;4;4;3;5;2;7;5;6;4;5;3;3;6;1;4;3;5;3;3;2;5;4;4;1;4;7;7;5;4;5;2;5;6;6;3;2;1;1;1
1;119;1965;3;3;6;0;-1;14;2;0;11;2;4;1;1;2;3;5;3;5;4;5;4;5;4;4;4;6;6;7;4;6;6;6;7;3;4;5;5;2;6;4;1;4;4;2;5;4;6;2;1;1;3;6;2;6;1;1;6;2;7;1;1;7;1;1;1;1;6;6;7;2;6;2;-1;6;7;6;1;7;2;5;6;5;5;7;1;2;6;6;6;6;6;1;7;4;6;7;6;6;7;1;2;6;6;6;6;6;1;6;2;6;6;4;7;6;2;2;6;6;6;6;6;6;6;6;6;6;4;6;1;1;1;1;1
1;126;1956;3;2;4;1;-1;6;2;0;6;1;6;2;2;2;5;6;3;5;5;3;-1;7;4;3;6;3;4;2;6;5;4;3;4;4;3;7;7;5;7;7;4;5;5;4;1;4;4;3;6;7;7;5;3;4;6;4;3;3;5;6;5;5;5;4;-1;6;7;6;3;3;6;7;6;5;5;2;5;5;5;3;7;6;5;2;5;2;3;6;4;5;3;3;6;7;4;6;-1;1;1;5;1;2;6;4;7;4;5;1;6;4;1;2;4;1;5;3;2;1;5;3;6;7;6;6;6;5;2;5;5;4;4;5;7
1;127;1946;3;0;3;1;-1;20;2;0;6;1;6;2;2;2;5;5;5;5;5;6;5;6;5;5;6;4;6;6;6;6;4;4;5;7;7;6;7;7;6;6;7;7;7;5;6;6;6;5;6;5;6;6;5;5;3;2;6;7;7;7;7;2;4;6;2;6;5;5;6;5;5;5;5;2;6;3;3;7;7;7;4;1;3;4;3;4;6;4;4;5;5;2;7;6;6;5;1;4;5;5;3;4;4;4;6;5;1;6;4;5;3;1;5;5;2;7;3;5;5;5;5;4;4;6;4;5;5;5;5;5;5;3;2
1;132;1952;3;3;6;1;-1;32;2;0;11;2;3;1;1;2;3;6;5;6;3;6;4;6;6;6;5;7;7;7;5;6;7;6;6;4;6;5;3;1;2;6;6;5;4;2;6;4;3;5;5;3;5;5;1;4;1;2;5;1;6;4;1;7;1;1;7;5;4;5;4;5;5;1;3;5;6;3;7;1;6;6;6;5;3;7;1;1;7;1;7;3;6;7;1;6;7;6;6;5;6;2;1;7;2;7;7;1;7;1;4;1;2;7;7;6;1;1;7;7;7;7;4;6;6;6;6;6;3;1;1;1;1;1;1
1;133;1966;1;-1;1;1;-1;4;2;0;4;1;5;2;-1;-1;3;5;2;4;2;5;3;4;2;4;3;1;4;3;6;4;5;4;-1;3;5;4;2;5;3;4;2;5;3;4;6;3;2;4;4;3;5;3;5;2;2;1;4;-1;3;4;5;3;-1;2;1;5;4;3;2;6;3;2;6;4;3;4;3;3;6;4;5;2;2;2;1;4;4;6;2;1;4;1;3;5;3;5;4;5;3;5;5;5;6;2;3;5;2;3;4;5;5;3;3;1;5;4;5;5;2;5;3;4;6;3;5;2;4;5;3;5;3;2;3
1;135;1957;3;3;6;1;-1;27;2;0;10;2;2;1;2;2;3;4;2;5;3;4;3;5;4;5;4;5;6;5;4;5;4;4;4;4;2;4;6;2;6;6;3;2;4;1;6;5;6;4;6;2;2;2;2;5;1;1;5;2;6;1;1;5;1;4;1;2;4;4;6;6;6;2;4;5;6;7;1;4;6;6;4;3;4;6;2;5;6;3;4;5;6;2;3;4;-1;2;2;7;6;5;4;6;3;4;6;6;4;3;2;2;5;2;4;6;1;5;6;6;6;6;6;5;6;6;4;4;5;3;1;1;1;1;1
1;136;1970;3;0;4;0;2;8;2;0;12;2;12;2;2;2;4;6;5;6;3;4;5;6;5;6;5;6;5;5;4;3;5;4;5;6;3;5;6;2;5;6;6;5;5;2;4;4;5;4;5;5;5;5;4;4;1;2;5;1;6;1;5;6;1;1;1;5;5;6;6;3;3;6;7;6;6;1;1;6;2;7;6;6;2;7;1;1;1;5;7;7;6;2;5;2;4;4;6;2;6;1;1;4;6;7;3;7;1;7;5;5;7;6;1;7;1;1;2;-1;7;7;6;7;7;7;3;2;5;4;1;1;1;1;1
1;137;1948;3;1;6;1;-1;30;2;1;10;2;5;2;1;2;4;5;3;5;3;5;5;5;5;5;5;6;4;6;5;6;2;4;5;5;5;3;4;2;5;6;3;6;4;2;5;3;2;3;2;4;3;3;2;6;1;4;4;4;6;1;1;6;2;1;1;3;4;5;6;2;5;1;6;6;5;6;2;6;6;6;5;5;2;6;2;2;6;6;6;6;6;3;7;5;4;6;5;3;5;2;3;6;5;6;6;6;1;6;6;4;6;5;2;6;2;3;6;6;5;6;4;6;6;6;2;4;3;2;3;2;1;1;1
1;138;1953;3;1;4;1;-1;33;2;1;10;2;2;1;-1;-1;5;6;5;6;6;6;5;6;6;6;5;4;5;4;4;4;3;5;2;6;6;6;5;1;1;7;4;6;4;1;3;3;2;1;1;1;1;1;1;7;1;1;5;1;6;1;1;7;1;1;1;1;6;6;7;1;7;1;7;7;7;7;1;7;4;7;6;2;2;7;1;3;-1;6;5;7;6;1;6;4;3;5;2;5;7;1;2;6;7;5;7;7;1;5;2;5;7;1;5;7;1;1;7;5;6;7;6;7;7;7;7;7;6;6;6;2;2;1;1
1;140;1978;3;1;6;1;-1;2;1;0;8;1;6;2;2;2;4;5;4;4;5;4;4;4;5;4;5;5;2;3;2;3;3;4;4;4;5;4;3;3;4;5;5;4;3;2;2;3;5;4;4;4;3;3;4;4;3;3;3;2;3;3;3;3;2;2;2;2;4;4;5;4;4;4;5;6;6;4;2;5;6;6;5;4;6;6;2;2;5;6;4;6;4;3;5;4;4;4;4;4;4;2;3;4;4;4;4;4;4;4;3;4;5;3;4;4;3;3;5;4;5;4;5;5;5;4;4;5;4;5;2;2;2;1;1
1;141;1965;2;1;3;0;1;16;2;0;15;2;10;2;0;1;3;4;4;5;4;4;5;5;6;6;6;7;1;1;4;5;7;7;7;6;1;7;6;6;5;5;5;6;5;5;5;5;6;5;5;5;4;5;3;3;4;3;5;5;4;3;3;3;3;4;5;5;4;3;3;3;2;6;7;4;1;6;3;4;7;5;3;1;5;4;4;6;4;7;3;3;4;3;1;-1;5;4;4;3;6;5;4;4;5;3;3;3;2;7;6;7;2;3;4;5;3;6;4;1;-1;5;4;5;5;5;4;4;3;6;5;5;5;5;5
1;143;-1;0;2;3;1;0;8;2;0;12;2;3;1;0;1;-1;-1;-1;-1;-1;5;5;5;5;5;6;6;6;5;5;5;4;5;3;6;5;5;5;3;5;5;5;5;4;5;6;4;4;3;2;4;3;5;4;6;2;2;5;2;5;4;2;6;1;2;1;1;5;5;5;2;5;1;-1;3;6;3;1;5;2;6;5;5;3;7;1;3;6;7;6;7;5;1;5;3;4;5;5;4;6;1;3;5;5;6;5;5;1;5;2;5;2;3;2;6;1;1;6;5;4;6;6;5;5;5;5;5;5;5;4;4;1;1;1
1;148;1956;3;3;3;0;2;11;2;0;7;1;4;1;3;2;4;4;4;4;5;5;5;5;5;5;5;6;7;4;5;4;3;4;3;5;4;3;3;3;3;2;1;1;2;1;3;3;3;1;1;3;2;3;3;3;1;1;4;2;4;4;2;4;2;2;1;1;5;4;5;4;4;2;6;4;6;5;2;7;2;7;6;2;6;7;1;1;4;7;4;7;4;1;6;1;4;6;4;3;4;2;3;5;5;4;6;4;1;5;3;3;7;4;3;5;1;3;5;6;6;7;7;7;7;7;5;5;4;4;1;1;1;1;1
1;153;1963;2;1;3;1;0;15;2;1;10;2;6;2;1;2;5;5;4;4;4;4;5;4;4;4;4;5;4;4;3;5;3;4;4;5;5;4;4;2;5;4;3;4;3;4;3;4;4;4;3;3;4;4;3;4;3;3;4;2;4;5;4;5;3;4;3;3;4;4;5;4;5;1;5;3;5;5;3;5;5;4;5;4;5;4;2;1;6;4;4;5;4;3;5;4;4;5;4;3;5;3;2;5;6;4;5;5;3;4;3;3;5;3;4;5;2;2;6;5;5;6;6;6;6;5;4;5;4;5;2;2;1;1;1
1;155;1973;1;0;5;1;0;3;1;0;9;2;3;1;2;2;5;4;5;5;4;4;4;4;3;3;4;6;5;5;5;5;4;3;2;3;4;4;4;4;3;3;4;4;4;2;1;4;4;1;2;3;3;3;3;4;1;2;3;3;4;4;3;5;4;2;1;3;2;3;3;2;3;2;4;5;4;3;1;6;4;5;5;4;5;6;1;3;3;5;3;5;3;1;4;3;4;5;3;4;6;4;4;5;4;3;3;3;1;3;2;3;6;5;4;5;5;3;6;5;6;5;6;6;6;6;4;4;4;4;2;2;2;2;2
1;156;1975;33;0;5;1;0;4;2;0;10;2;3;1;0;1;4;5;4;6;4;4;3;5;4;5;4;5;4;5;4;5;6;5;4;4;4;5;3;4;5;4;4;5;5;4;5;3;4;4;4;5;4;5;4;4;5;4;4;3;4;6;4;5;4;5;4;3;5;4;5;4;5;4;5;4;6;3;3;6;6;4;5;4;4;3;3;5;6;3;5;3;6;4;5;4;6;5;5;4;4;5;5;4;4;5;4;5;4;4;5;6;4;2;5;4;4;5;2;5;5;6;5;4;5;5;4;5;4;4;2;2;2;2;2
1;158;1962;3;1;3;1;0;11;2;0;8;1;7;2;3;2;5;4;4;4;4;4;5;5;5;5;5;4;5;4;4;4;5;5;5;5;5;3;3;2;2;2;2;2;2;2;2;2;2;1;1;1;3;3;2;3;2;2;4;2;4;2;2;4;3;2;1;2;2;2;4;3;3;2;5;6;4;5;2;5;5;6;6;4;3;6;1;1;4;7;5;6;7;2;6;4;4;5;3;3;5;2;3;6;5;5;5;5;1;6;3;4;6;3;3;5;2;3;5;5;5;5;5;5;5;5;4;5;5;4;2;2;2;2;1
1;159;-1;3;3;4;1;0;-1;-1;0;7;1;6;2;2;2;6;4;5;4;4;6;5;5;5;5;5;4;5;5;4;5;6;5;5;5;4;2;2;2;2;3;3;3;3;3;3;2;2;2;2;2;3;3;3;3;3;3;3;3;3;2;2;3;3;2;2;2;2;1;3;3;3;2;4;5;4;4;3;6;4;5;5;2;6;6;1;2;7;6;4;5;3;1;5;3;2;5;1;2;6;2;3;5;6;4;6;3;1;5;3;4;6;2;4;4;1;1;6;6;6;6;6;7;7;7;4;4;4;4;1;1;1;1;1
1;160;1967;2;1;3;1;0;12;2;0;7;1;9;2;2;2;4;4;4;4;4;4;4;4;4;4;4;4;3;3;2;1;1;2;2;3;3;2;3;3;3;3;3;3;3;2;4;3;3;1;2;2;2;2;2;3;2;2;3;2;4;3;2;4;2;2;2;2;4;4;3;3;3;1;4;5;4;5;1;6;3;4;5;3;3;6;1;2;5;5;3;5;4;2;5;3;3;5;3;3;5;2;3;4;4;3;5;4;1;4;3;3;6;4;3;5;3;2;6;4;4;4;4;6;6;6;4;4;4;4;1;1;1;1;1
1;161;1973;1;0;5;1;0;2;1;0;4;1;3;1;2;2;2;3;6;2;2;3;4;2;6;3;4;4;2;2;3;5;5;3;3;4;5;3;6;3;4;3;2;3;5;5;3;4;6;3;2;4;3;5;3;5;1;2;3;4;2;6;4;2;3;4;6;5;4;7;3;4;3;6;7;3;7;3;1;5;3;2;4;5;4;7;6;2;7;5;5;6;5;2;3;5;2;6;4;2;2;5;3;5;5;5;5;3;4;2;3;3;2;5;3;6;3;2;4;3;5;4;3;4;5;3;5;4;4;2;4;3;5;4;3
1;166;1944;3;0;2;0;1;40;2;0;24;2;1;1;0;1;4;5;4;4;3;4;4;5;4;5;5;6;7;7;6;6;7;5;5;6;5;5;7;5;5;7;5;5;5;7;7;6;5;7;7;6;6;7;5;6;5;5;4;7;5;5;6;4;5;5;5;5;4;4;4;4;5;3;5;2;7;1;4;4;1;3;5;3;3;6;4;6;5;3;4;4;4;4;5;5;5;4;2;4;3;5;3;2;4;4;5;4;5;3;3;4;4;3;4;3;4;5;3;4;4;1;1;7;7;6;3;3;6;6;7;7;7;5;6
1;167;1982;1;0;6;1;0;6;2;0;10;2;28;2;3;2;5;4;6;6;6;6;6;6;6;5;6;5;2;4;2;6;6;3;2;5;2;4;2;2;4;6;4;1;1;2;4;3;5;2;2;3;1;2;1;7;1;2;6;2;6;1;2;6;1;1;1;1;6;6;6;1;6;2;7;6;6;6;1;7;2;7;6;2;3;7;1;1;6;6;6;7;6;2;6;2;5;5;2;3;5;1;1;7;6;6;6;7;1;6;2;4;6;1;1;6;1;2;7;5;5;7;5;5;5;5;4;6;5;6;1;1;2;1;1
1;168;1970;1;0;7;0;2;20;2;1;14;2;2;1;7;2;4;4;3;5;3;3;3;3;3;3;3;3;4;3;5;3;4;5;3;3;4;4;4;6;4;3;4;4;4;5;4;4;4;3;4;4;2;2;4;3;4;3;5;3;3;5;5;5;5;5;3;3;4;4;4;4;4;4;2;6;6;6;6;6;4;4;3;6;5;4;5;5;5;3;6;3;4;4;5;4;5;4;5;5;4;4;6;6;2;6;7;7;7;7;4;5;4;-1;6;4;3;4;4;6;6;6;6;6;6;6;2;6;2;5;4;6;7;3;5
1;169;1979;3;0;4;1;0;3;1;0;14;2;4;1;0;1;3;3;4;4;3;4;4;4;5;5;6;6;7;4;4;3;1;2;1;5;6;3;4;5;1;3;4;7;1;1;3;3;4;3;3;5;3;3;4;4;6;6;5;3;6;4;2;5;3;3;1;5;4;4;6;5;6;3;3;2;5;1;3;6;6;2;6;2;4;7;1;3;6;3;2;6;3;2;6;7;2;5;1;2;6;4;1;3;2;2;3;3;1;5;4;3;7;1;4;6;1;2;6;7;7;7;7;7;7;7;4;4;6;7;3;1;3;3;1
1;172;1949;-1;3;3;1;0;25;2;0;12;2;18;2;1;2;5;6;5;5;4;4;4;6;5;5;5;2;5;3;3;3;3;3;1;5;4;3;2;3;3;4;3;5;4;3;4;3;1;1;4;2;3;4;2;6;1;1;2;1;4;1;2;6;2;2;1;1;5;5;6;4;5;2;4;6;4;4;4;5;3;5;4;4;5;4;4;2;3;5;5;5;5;3;6;4;5;5;4;6;6;6;3;5;5;5;5;4;1;5;2;5;4;3;5;6;2;4;4;6;6;6;6;5;5;5;5;4;4;5;1;1;1;1;1
1;174;1971;3;0;4;1;0;6;2;1;8;1;4;1;1;2;7;7;7;7;7;6;6;6;6;5;6;2;3;4;3;4;3;2;2;7;4;3;2;3;-1;4;2;5;4;4;5;2;4;3;7;2;4;4;3;5;2;2;5;2;3;2;1;5;2;2;1;2;6;4;6;2;5;2;7;5;5;5;2;7;6;6;6;2;5;6;1;3;5;5;6;5;5;2;6;4;5;5;4;6;6;2;3;6;5;6;5;5;1;5;3;4;5;3;3;7;2;5;4;7;7;6;6;6;6;6;3;5;5;5;1;1;1;1;1
1;175;1955;3;0;6;0;0;32;2;0;9;2;8;2;12;2;7;6;6;6;6;7;6;6;6;6;7;5;4;4;4;5;5;3;2;6;4;3;2;3;4;4;5;6;5;5;4;3;3;3;6;3;4;3;3;5;3;3;5;3;2;2;4;5;2;5;1;2;5;5;6;3;5;2;5;6;5;5;2;6;5;4;5;3;4;5;2;4;5;5;5;5;5;2;6;4;3;6;4;5;6;4;3;5;5;5;5;4;1;7;1;5;4;2;4;7;1;3;4;7;7;7;7;6;6;6;4;5;4;6;1;1;1;1;1
1;176;1976;3;1;5;1;0;9;2;0;10;2;1;1;0;1;3;5;1;1;3;3;3;3;4;4;4;7;6;7;7;7;7;4;7;4;1;3;3;1;7;7;7;6;7;6;7;7;7;3;3;1;7;7;7;4;1;2;3;7;2;3;4;2;5;7;4;7;2;2;2;1;3;2;2;2;6;2;1;6;6;6;7;7;3;7;2;6;1;4;3;7;3;4;5;4;2;5;4;2;6;2;6;1;3;3;7;3;2;5;3;3;5;1;4;6;6;7;1;5;7;6;1;4;4;4;3;7;6;7;1;2;1;1;1
1;179;1954;3;2;5;1;0;28;2;0;11;2;3;1;0;1;4;4;4;4;4;5;4;5;5;5;5;5;4;4;4;5;5;4;5;5;5;3;3;3;4;4;5;5;3;2;4;4;6;6;5;6;5;5;3;5;1;3;5;3;4;3;2;4;3;2;4;2;4;4;5;2;5;3;6;4;5;2;3;6;6;5;5;5;3;4;2;5;4;3;5;7;4;3;3;5;4;4;4;4;4;3;5;4;5;5;5;4;2;5;5;5;5;2;5;6;2;3;4;5;5;5;5;6;5;6;4;4;4;4;5;5;5;4;3
1;180;1962;3;3;3;1;0;12;2;0;11;2;3;1;0;1;3;4;1;3;1;3;1;4;4;3;3;4;4;6;3;2;4;2;4;6;6;1;6;1;4;7;6;2;6;6;3;6;6;6;1;6;7;7;2;7;1;1;7;7;7;3;7;4;4;1;1;1;7;4;7;4;4;1;5;7;7;4;5;6;7;7;7;7;1;4;1;7;7;7;5;7;7;7;5;7;7;6;7;5;5;1;5;7;5;5;7;5;7;4;7;5;7;5;1;5;1;7;7;1;1;7;7;7;5;7;1;4;3;1;7;4;7;1;1
1;183;1960;2;2;6;0;3;30;2;1;8;1;4;1;1;2;5;5;5;5;6;6;6;6;6;6;6;7;6;4;4;6;6;4;1;6;4;4;5;4;5;6;5;4;1;1;4;5;4;5;3;5;4;5;4;6;1;1;6;4;7;3;4;5;1;2;1;4;5;4;7;5;4;2;7;6;6;6;1;5;6;6;5;5;3;6;2;4;6;5;6;5;5;3;5;2;5;5;5;4;6;4;3;6;5;6;6;6;4;6;2;5;7;6;2;6;2;4;3;6;5;7;5;6;6;6;6;6;6;6;3;2;4;1;1
1;188;1974;3;5;3;0;0;10;2;1;18;2;20;2;6;2;3;2;1;1;4;1;2;2;6;4;6;7;6;5;6;3;3;2;1;1;5;6;6;6;3;2;2;1;1;3;4;4;7;7;6;6;2;2;4;3;3;4;4;3;2;6;1;7;4;3;1;7;1;4;5;3;4;6;6;4;1;7;5;1;5;4;7;7;3;7;3;5;4;5;3;2;5;5;2;1;3;5;7;5;5;3;5;5;7;3;5;4;3;2;7;1;6;7;4;7;3;4;7;3;2;1;1;1;1;1;4;1;1;1;4;3;1;1;1
1;189;1951;3;3;3;0;2;24;2;0;12;2;3;1;0;1;3;3;4;4;3;2;3;3;3;3;3;5;5;2;2;4;1;3;1;4;3;3;2;1;2;3;2;2;4;1;5;4;4;3;3;4;3;3;5;6;3;3;5;3;5;3;3;6;3;3;3;3;6;6;6;3;5;3;6;5;7;4;4;7;4;4;5;3;4;4;3;3;6;5;6;5;3;2;6;3;5;4;1;5;6;3;2;5;5;6;6;5;4;5;3;1;5;2;5;6;1;3;4;3;5;6;7;6;6;6;5;6;5;5;3;4;4;4;4
1;190;1979;3;0;6;1;0;9;2;1;10;2;32;2;5;2;3;5;4;6;6;7;5;6;6;6;5;6;7;7;6;7;6;7;6;5;5;7;5;5;7;7;4;7;6;7;6;7;5;7;7;7;7;7;7;7;1;1;7;7;6;7;7;5;2;7;1;5;7;7;5;6;7;4;7;3;5;7;5;7;1;3;6;7;3;2;2;1;7;7;3;4;7;6;5;4;2;6;7;4;4;2;1;7;7;3;4;7;6;6;2;7;7;6;7;7;1;1;5;1;7;7;7;5;6;7;2;5;5;6;1;7;1;1;1
1;191;1946;3;0;1;1;0;50;2;0;12;2;4;1;0;1;5;6;5;6;6;6;6;6;5;-1;6;6;6;6;5;6;5;3;6;6;6;5;6;5;6;7;6;5;3;7;7;5;5;5;7;3;2;2;2;5;2;6;5;2;6;2;2;5;2;2;6;2;6;6;6;2;6;2;6;3;6;2;6;6;2;6;5;2;6;6;3;6;6;5;6;6;5;6;5;6;7;4;2;6;6;2;5;5;6;6;6;5;6;6;5;5;2;2;6;6;1;5;2;6;6;7;7;6;6;6;6;6;6;6;5;3;5;2;2
1;192;1960;3;2;5;1;-1;22;2;0;-1;-1;4;1;-1;-1;6;6;6;6;6;6;6;6;6;6;6;5;3;3;1;5;2;2;4;6;-1;2;1;3;3;3;1;3;1;1;1;3;1;1;1;1;2;4;1;7;1;1;7;2;6;1;1;6;1;3;1;2;7;7;7;2;7;2;6;7;6;7;1;7;7;6;6;2;3;7;1;7;7;5;6;6;6;2;6;2;5;6;2;3;6;2;5;5;6;6;7;5;2;7;1;5;7;2;2;6;1;6;6;6;7;5;5;6;6;6;6;6;6;7;2;1;1;1;1
1;193;1981;3;0;4;1;-1;2;1;1;12;2;6;2;0;1;3;3;3;3;4;4;4;4;4;4;4;4;5;3;3;4;4;6;3;4;5;5;5;5;6;4;4;6;3;3;6;4;5;4;4;5;6;4;5;5;2;2;6;2;6;2;2;5;2;2;1;2;6;5;6;4;5;4;-1;6;6;1;2;7;5;7;6;5;2;5;2;2;4;2;6;6;2;3;4;6;7;5;7;3;6;2;2;2;6;6;6;2;2;7;6;6;4;5;3;5;1;4;2;2;5;7;7;5;4;5;2;4;4;4;2;2;2;2;2
1;197;1974;1;-1;6;1;-1;36;2;1;24;2;1;1;2;2;4;4;4;4;4;4;4;4;4;4;4;4;3;3;1;1;1;1;1;2;3;3;3;2;2;3;3;3;2;3;3;3;3;3;4;4;2;2;2;3;3;3;3;3;3;3;3;3;3;3;3;3;3;3;3;4;3;3;3;4;4;4;4;4;4;4;4;4;4;4;4;4;4;4;4;4;4;4;4;4;4;4;4;4;4;4;4;4;4;4;4;5;5;5;4;4;4;4;5;4;3;5;4;4;3;3;3;3;3;4;4;4;4;4;1;1;1;1;1
1;202;1949;3;1;4;1;-1;8;2;1;8;1;7;2;3;2;5;6;4;6;6;5;5;6;5;6;6;6;6;4;4;3;2;2;1;6;4;2;1;1;3;2;1;3;1;1;3;3;2;1;1;1;1;1;1;6;1;1;6;1;6;1;1;6;1;1;1;1;5;5;6;1;6;2;5;6;5;7;1;6;7;7;6;4;-1;5;1;1;5;7;6;7;3;2;6;4;5;5;6;4;6;1;2;7;6;6;6;4;2;5;3;2;7;4;5;5;1;3;4;6;6;6;6;6;6;6;2;4;4;2;5;3;6;3;4
1;203;1959;2;-1;5;1;-1;31;2;0;12;2;170;2;0;1;6;6;5;6;4;6;6;6;5;5;6;5;4;4;5;6;3;6;1;7;4;4;5;1;4;5;5;6;2;3;4;6;5;1;1;7;3;4;2;5;1;1;5;1;6;4;1;7;1;5;1;1;6;7;7;1;6;4;6;4;7;4;1;7;4;4;6;3;7;7;4;1;6;5;5;7;4;2;6;1;4;6;1;7;6;1;2;6;6;5;6;6;1;5;3;5;6;2;5;7;1;4;5;5;5;5;5;6;6;6;4;5;4;6;1;1;1;1;1
1;204;1962;3;2;5;1;-1;14;2;0;14;2;26;2;40;2;4;4;2;3;2;2;2;2;3;3;2;4;6;5;4;4;4;3;4;4;5;5;4;2;4;4;2;4;4;1;4;3;4;2;4;1;3;3;-1;4;2;1;5;2;4;1;1;6;1;1;1;1;2;3;6;2;6;2;6;5;6;6;2;7;6;6;7;2;4;7;1;1;6;6;2;6;6;2;6;5;5;5;4;3;5;1;3;4;2;2;6;6;1;6;3;4;5;2;2;6;1;3;5;4;4;6;6;6;6;6;4;5;5;5;4;4;4;4;4
1;205;1950;2;0;5;0;2;30;2;1;24;2;159;2;0;1;4;4;3;5;4;5;4;4;5;5;6;6;7;7;4;5;6;5;6;7;4;5;4;5;5;5;6;5;4;5;7;6;6;5;3;6;2;2;2;6;1;6;4;1;4;1;3;7;1;1;1;4;4;6;6;1;6;1;6;5;7;6;1;6;7;7;6;1;7;7;1;1;6;7;5;7;4;1;6;2;4;6;1;7;6;1;1;4;7;5;7;5;1;7;1;4;7;1;4;7;1;2;5;7;7;7;7;4;6;7;4;6;5;7;1;1;1;1;1
1;206;1957;3;1;5;0;4;38;2;0;10;2;126;2;8;2;5;4;4;5;5;5;4;4;3;4;3;7;4;4;2;4;4;7;4;7;4;4;1;1;2;4;3;2;4;4;5;4;4;4;6;1;3;3;5;6;1;1;7;1;5;2;4;6;1;3;1;1;7;7;6;3;4;2;-1;4;5;7;1;6;7;7;4;2;7;7;1;1;5;4;2;7;7;1;6;2;4;5;3;7;5;1;3;3;5;2;6;5;1;5;2;3;6;2;5;5;1;3;6;4;5;7;4;4;5;4;2;5;4;4;2;1;1;1;1
1;209;1960;3;3;3;1;-1;30;2;0;10;2;13;2;5;2;4;5;5;6;6;5;5;5;5;5;6;4;6;7;7;7;6;7;6;6;7;6;6;7;4;7;4;5;6;5;6;7;7;5;2;4;6;6;5;5;4;2;5;6;7;2;4;4;7;5;3;1;5;7;7;1;6;3;-1;6;7;7;1;7;7;7;6;4;3;7;2;1;7;6;6;7;6;1;7;5;4;5;4;4;7;1;1;5;7;6;7;7;1;7;2;6;6;1;2;7;1;1;7;7;7;6;3;6;6;6;7;7;7;7;1;1;1;1;1
1;216;1951;3;2;2;0;1;42;2;0;14;2;55;2;0;1;4;6;5;6;6;6;6;6;6;6;7;3;6;6;5;6;6;6;5;6;7;6;7;5;6;7;6;6;5;7;7;6;5;7;6;5;7;7;6;4;2;6;5;5;6;4;7;6;4;6;2;7;4;5;7;5;4;5;6;3;6;5;5;6;3;4;6;5;3;3;2;3;7;3;6;6;5;3;7;5;4;5;7;6;5;4;2;4;5;6;6;6;3;6;5;5;3;6;4;4;3;2;4;4;6;6;6;4;5;5;3;4;4;5;1;1;1;1;1
1;217;1987;1;0;5;0;1;-1;1;1;15;2;4;1;1;2;3;5;2;4;2;3;3;2;5;5;4;7;7;7;7;7;6;7;7;7;7;7;7;7;7;7;3;7;5;7;7;7;7;7;7;7;7;7;7;6;2;6;6;7;6;1;7;7;1;7;1;6;6;6;7;2;6;2;5;3;7;5;6;7;5;2;7;6;6;3;6;2;2;2;2;1;6;6;4;6;6;5;6;6;3;6;1;2;2;2;7;7;6;7;5;6;4;7;6;7;5;1;1;2;6;7;7;6;3;7;2;5;5;5;1;1;1;1;1
1;219;1945;3;2;7;0;3;35;2;0;10;2;4;1;1;2;6;6;5;7;7;7;6;7;6;6;7;5;5;6;5;5;6;6;5;6;5;6;5;4;6;6;5;5;5;5;6;5;5;4;4;2;5;6;5;5;3;2;3;4;5;2;4;5;2;2;1;1;6;6;7;3;7;2;6;4;6;4;1;6;7;7;6;4;3;7;1;1;6;5;7;7;6;2;6;4;4;4;2;4;4;2;2;6;5;7;7;7;1;5;3;2;6;2;2;4;1;3;7;6;7;7;7;6;6;6;7;7;6;5;5;3;5;1;3
1;220;1953;3;2;6;1;0;30;2;0;8;1;5;2;0;1;5;5;4;5;5;5;6;5;5;6;6;6;3;3;1;3;1;1;1;5;6;2;1;1;3;1;1;1;1;1;5;1;1;1;1;1;1;1;1;6;1;1;5;1;5;1;1;6;1;1;6;1;6;6;6;1;6;1;6;1;6;7;1;6;7;1;4;1;3;7;1;2;4;7;1;7;6;2;6;1;1;1;1;6;6;1;2;3;1;1;1;4;1;6;1;1;4;2;6;5;2;1;3;6;3;6;6;6;6;6;5;5;4;4;2;2;2;1;3
1;222;1957;3;3;6;1;0;-1;-1;0;10;2;10;2;2;2;3;3;3;5;5;5;5;5;6;5;5;4;4;5;4;5;3;2;3;5;6;4;5;4;5;5;5;6;5;6;5;5;6;4;3;3;4;4;5;6;3;4;5;5;5;2;3;5;2;2;2;3;6;6;7;5;4;2;5;7;7;5;2;6;4;4;6;6;4;4;4;3;5;3;6;5;5;2;6;6;4;4;4;4;5;4;2;6;6;6;6;6;3;5;4;6;2;4;5;5;2;3;4;6;6;6;6;6;7;6;2;5;5;6;3;3;3;3;3
1;223;1959;3;2;6;1;0;24;2;1;8;1;6;2;0;1;6;6;2;4;5;6;6;5;7;5;5;4;3;4;1;6;2;3;1;3;4;7;5;3;4;2;6;6;5;1;2;3;5;1;1;1;3;3;2;6;1;1;7;1;6;1;4;4;1;1;1;1;6;6;7;1;7;2;5;7;6;6;1;6;4;7;6;1;2;6;2;1;6;7;5;6;6;2;6;6;6;4;1;4;6;1;2;7;5;5;7;4;1;6;2;2;6;1;3;6;1;3;7;7;7;5;5;6;5;5;5;5;5;6;6;6;6;2;3
1;224;1978;1;0;4;0;3;13;2;0;14;2;4;1;0;1;5;6;6;6;6;6;5;5;7;6;7;4;6;6;7;5;6;7;7;7;4;6;4;1;1;5;4;7;7;6;7;5;6;6;6;6;6;7;6;6;1;1;5;6;4;2;2;6;1;4;2;5;4;6;7;4;5;4;7;6;6;3;1;6;6;6;6;5;3;7;1;2;7;4;5;6;4;3;6;6;6;4;5;3;6;5;2;7;4;5;7;4;2;7;6;7;5;5;3;6;2;1;5;4;7;7;6;5;6;4;5;6;6;4;1;1;1;1;1
1;226;1958;3;3;6;1;0;22;2;1;8;1;190;2;1;2;5;6;6;6;6;6;7;7;7;7;7;5;6;5;5;6;5;4;4;6;6;5;6;4;5;5;6;6;5;5;6;5;5;5;4;5;6;6;5;6;6;6;6;6;6;6;6;4;4;4;4;6;3;3;6;4;4;7;6;2;5;6;1;2;6;6;6;2;2;7;3;3;6;2;4;4;5;3;6;4;4;5;2;2;6;5;2;6;4;4;5;6;2;7;5;6;6;1;3;7;1;1;6;7;7;7;7;7;7;6;6;6;6;7;2;2;2;2;2
1;227;1963;1;0;5;1;0;20;2;0;8;1;130;2;0;1;4;5;5;5;5;5;6;7;7;6;7;5;6;5;5;5;5;3;4;6;6;4;4;6;5;5;6;6;6;6;5;5;6;5;5;5;6;6;5;5;5;6;6;6;6;5;5;6;5;4;4;5;3;3;6;4;4;7;6;2;5;5;2;2;6;6;6;4;3;7;3;3;5;3;4;4;5;3;5;5;4;4;3;2;6;5;2;2;4;4;5;6;3;6;6;5;4;1;3;7;1;1;5;7;6;6;7;7;7;6;6;6;6;7;1;1;1;1;1
1;228;1965;1;0;7;1;0;20;2;1;10;2;3;1;5;2;5;6;5;4;4;4;5;6;5;6;5;4;5;6;6;5;6;5;4;5;4;4;5;4;5;6;5;5;4;5;5;6;4;5;6;4;2;4;6;4;2;2;6;3;4;4;3;6;3;4;1;6;7;2;4;2;6;5;2;4;6;6;5;6;6;2;6;6;3;7;2;2;6;4;6;6;2;4;6;5;4;4;5;2;5;2;2;5;3;6;6;4;6;6;5;5;6;6;2;5;2;3;6;5;5;4;6;5;5;6;5;5;4;4;1;1;1;1;1
1;229;1951;3;0;5;0;1;15;2;0;14;2;6;2;2;2;6;6;6;6;6;5;6;6;5;5;6;6;4;4;3;5;5;7;7;6;7;5;7;3;5;7;6;7;5;6;7;5;7;7;7;5;6;6;6;5;4;3;2;6;3;5;6;5;5;3;2;3;3;5;6;6;4;6;6;4;7;4;6;5;2;4;7;5;5;5;6;3;5;5;7;1;4;5;7;7;7;5;6;5;5;7;1;3;6;7;6;3;5;6;3;6;7;6;7;5;7;1;1;5;6;7;7;4;4;4;5;6;6;6;2;2;2;1;1
1;230;1969;3;1;5;1;0;15;2;0;12;2;3;1;0;1;5;6;5;5;5;6;5;6;6;5;6;5;5;5;2;2;2;2;5;5;4;3;3;2;5;6;2;4;4;4;5;3;2;2;2;2;5;6;3;5;2;2;5;4;4;2;2;5;1;4;1;2;4;4;6;2;4;5;5;4;6;6;1;6;7;7;5;4;7;7;1;1;6;7;5;3;5;1;6;3;4;5;3;6;6;2;3;5;5;5;6;6;1;5;2;3;6;3;6;5;1;3;5;5;5;6;6;5;5;5;4;5;5;5;1;1;1;1;1
